"YEAR","BFISH","PSU","STRATA_2020","SAMPLE_DEPTH_M","SPECIES_CD","abund","uabund"
2020,"BFISH_2020_F",7129,"S14",183.7944,"PRFI",0,0
2020,"BFISH_2020_F",40018,"S09",133.12,"PRFI",1,0
2021,"BFISH_2021_F",39862,"S12",150.2664,"PRFI",0,0
2020,"BFISH_2020_F",3506,"S10",114.3,"PRFI",2.89100896212778,0
2021,"BFISH_2021_F",14438,"S13",207.5688,"PRFI",0,0
2019,"BFISH_2019_F",1352,"S16",170.9928,"PRFI",2.89100896212778,0
2019,"BFISH_2019_F",36184,"S02",84.0025,"PRFI",0,0
2019,"BFISH_2019_F",15407,"S02",81.8388,"PRFI",0,0
2019,"BFISH_2019_F",9479,"S07",119.095,"PRFI",0,0
2021,"BFISH_2021_F",16806,"S01",109.728,"PRFI",0,0
2019,"BFISH_2019_F",524,"S22",222.1992,"PRFI",5.78201792425556,0
2019,"BFISH_2019_F",108,"S11",158.8008,"PRFI",0,0
2021,"BFISH_2021_F",39508,"S11",154.588464,"PRFI",14.4550448106389,0
2019,"BFISH_2019_F",12825,"S15",206.2725,"PRFI",0,0
2021,"BFISH_2021_F",43378,"S11",136.5504,"PRFI",0,0
2020,"BFISH_2020_F",34646,"S06",147.72,"PRFI",8,0
2021,"BFISH_2021_F",40622,"S01",93.726,"PRFI",0,0
2021,"BFISH_2021_F",9885,"S16",219.456,"PRFI",0,0
2020,"BFISH_2020_F",34489,"S02",83.1575,"PRFI",0,0
2019,"BFISH_2019_F",9008,"S02",107.5325,"PRFI",0.5,0
2019,"BFISH_2019_F",42488,"S07",118.9075,"PRFI",0,0
2021,"BFISH_2021_F",22808,"S01",106.9848,"PRFI",0,0
2020,"BFISH_2020_F",32120,"S08",114.3,"PRFI",0,0
2019,"BFISH_2019_F",20796,"S20",229.5144,"PRFI",0,0
2021,"BFISH_2021_F",4225,"S01",108.8136,"PRFI",0,0
2021,"BFISH_2021_F",10398,"S09",131.6,"PRFI",7,0
2019,"BFISH_2019_F",13214,"S21",227.845,"PRFI",0,0
2020,"BFISH_2020_F",38795,"S14",171.495,"PRFI",0.5,0
2019,"BFISH_2019_F",710,"S22",224.9424,"PRFI",0,0
2019,"BFISH_2019_F",4603,"S13",198.4725,"PRFI",6,0
2020,"BFISH_2020_F",22765,"S10",144.595,"PRFI",11,0
2021,"BFISH_2021_F",7590,"S02",106.3752,"PRFI",46.2561433940445,0
2019,"BFISH_2019_F",14437,"S13",199.6575,"PRFI",0,0
2019,"BFISH_2019_F",24333,"S08",115.7875,"PRFI",17,0
2020,"BFISH_2020_F",12546,"S07",151.7904,"PRFI",2.89100896212778,0
2019,"BFISH_2019_F",38868,"S07",121.6152,"PRFI",0,0
2019,"BFISH_2019_F",15969,"S02",103.345,"PRFI",1.5,0
2021,"BFISH_2021_F",16179,"S05",129.8,"PRFI",0,0
2019,"BFISH_2019_F",40709,"S14",187.1472,"PRFI",0,0
2020,"BFISH_2020_F",101,"S01",82.11312,"PRFI",5.78201792425556,0
2019,"BFISH_2019_F",15052,"S17",245.0592,"PRFI",0,0
2021,"BFISH_2021_F",47,"S07",115.2144,"PRFI",0,0
2019,"BFISH_2019_F",2700,"S04",94.3475,"PRFI",8.50000000000001,0
2019,"BFISH_2019_F",22314,"S01",107.335,"PRFI",0,0
2021,"BFISH_2021_F",2019,"S12",141.1224,"PRFI",23.1280716970222,0
2021,"BFISH_2021_F",9519,"S11",151.8,"PRFI",0,0
2021,"BFISH_2021_F",25236,"S07",135.3312,"PRFI",8.67302688638334,0
2020,"BFISH_2020_F",41611,"S05",160.7058,"PRFI",0,0
2020,"BFISH_2020_F",5819,"S02",99.9744,"PRFI",0,0
2019,"BFISH_2019_F",43464,"S05",112.36,"PRFI",2.5,0
2019,"BFISH_2019_F",31145,"S13",218.9988,"PRFI",0,0
2021,"BFISH_2021_F",4314,"S10",120.3,"PRFI",2.5,0
2019,"BFISH_2019_F",4439,"S01",92.5325,"PRFI",0,0
2021,"BFISH_2021_F",3802,"S12",130.35,"PRFI",0,0
2019,"BFISH_2019_F",1232,"S02",91.2114,"PRFI",11.5640358485111,0
2021,"BFISH_2021_F",2123,"S02",102.75,"PRFI",0,0
2019,"BFISH_2019_F",631,"S22",238.6584,"PRFI",0,0
2021,"BFISH_2021_F",21777,"S03",98.65,"PRFI",0,0
2019,"BFISH_2019_F",44532,"S11",145.0975,"PRFI",7.99999999999999,0
2020,"BFISH_2020_F",4722,"S05",117.0432,"PRFI",0,0
2020,"BFISH_2020_F",8715,"S10",128.9304,"PRFI",23.1280716970223,0
2019,"BFISH_2019_F",40747,"S14",210.0072,"PRFI",0,0
2021,"BFISH_2021_F",32293,"S07",123.4,"PRFI",0,0
2019,"BFISH_2019_F",3451,"S11",159.6475,"PRFI",0.5,0
2019,"BFISH_2019_F",18470,"S11",120.2436,"PRFI",20.2370627348945,0
2019,"BFISH_2019_F",4464,"S22",242.7825,"PRFI",0,0
2019,"BFISH_2019_F",25197,"S22",242.1636,"PRFI",0,0
2020,"BFISH_2020_F",41035,"S22",220.0656,"PRFI",0,0
2019,"BFISH_2019_F",5375,"S09",140.3475,"PRFI",0,0
2021,"BFISH_2021_F",14050,"S22",231.3432,"PRFI",0,0
2020,"BFISH_2020_F",40202,"S22",247.4976,"PRFI",0,0
2019,"BFISH_2019_F",41692,"S01",85.3475,"PRFI",0,0
2020,"BFISH_2020_F",40746,"S10",161.544,"PRFI",0,0
2019,"BFISH_2019_F",3018,"S01",84.585,"PRFI",0,0
2019,"BFISH_2019_F",15480,"S10",152.8475,"PRFI",1.5,0
2020,"BFISH_2020_F",32703,"S07",127.83312,"PRFI",17.3460537727667,0
2019,"BFISH_2019_F",32421,"S08",166.2725,"PRFI",12,0
2021,"BFISH_2021_F",34072,"S04",93.2688,"PRFI",0,0
2020,"BFISH_2020_F",39862,"S12",155.1432,"PRFI",8.67302688638334,0
2021,"BFISH_2021_F",24978,"S05",156.6,"PRFI",0,0
2020,"BFISH_2020_F",16076,"S07",124.3584,"PRFI",0,0
2020,"BFISH_2020_F",2931,"S02",105.4608,"PRFI",20.2370627348945,0
2021,"BFISH_2021_F",23843,"S09",130.55,"PRFI",7,0
2019,"BFISH_2019_F",40580,"S22",257.8608,"PRFI",0,0
2021,"BFISH_2021_F",15718,"S07",139.446,"PRFI",0,0
2021,"BFISH_2021_F",25232,"S16",203.9112,"PRFI",0,0
2020,"BFISH_2020_F",12059,"S22",247.4976,"PRFI",0,0
2021,"BFISH_2021_F",299,"S02",107.442,"PRFI",0,0
2019,"BFISH_2019_F",27319,"S10",161.8488,"PRFI",0,0
2019,"BFISH_2019_F",12569,"S07",141.6475,"PRFI",13.5,0
2021,"BFISH_2021_F",19119,"S02",80.9244,"PRFI",0,0
2019,"BFISH_2019_F",36026,"S02",99.44,"PRFI",0,0
2019,"BFISH_2019_F",45136,"S01",84.7725,"PRFI",0,0
2020,"BFISH_2020_F",21093,"S02",109.36224,"PRFI",0,0
2020,"BFISH_2020_F",5809,"S03",90.5256,"PRFI",0,0
2020,"BFISH_2020_F",9126,"S10",143.8656,"PRFI",0,0
2019,"BFISH_2019_F",42228,"S03",93.8784,"PRFI",0,0
2021,"BFISH_2021_F",22266,"S02",98.9,"PRFI",3.5,0
2021,"BFISH_2021_F",14052,"S22",239.5728,"PRFI",0,0
2021,"BFISH_2021_F",16424,"S03",104.6988,"PRFI",0,0
2020,"BFISH_2020_F",36953,"S11",128.9075,"PRFI",0,0
2019,"BFISH_2019_F",12600,"S01",103.0986,"PRFI",0,0
2019,"BFISH_2019_F",12532,"S22",244.602,"PRFI",0,0
2019,"BFISH_2019_F",11203,"S15",219.1512,"PRFI",0,0
2021,"BFISH_2021_F",2073,"S12",133.9596,"PRFI",20.2370627348945,0
2019,"BFISH_2019_F",45279,"S14",208.4832,"PRFI",0,0
2019,"BFISH_2019_F",6367,"S12",162.66,"PRFI",0,0
2021,"BFISH_2021_F",5311,"S09",121.3104,"PRFI",2.89100896212778,0
2020,"BFISH_2020_F",15032,"S22",232.2576,"PRFI",0,0
2021,"BFISH_2021_F",3450,"S12",158.6484,"PRFI",2.89100896212778,0
2019,"BFISH_2019_F",4110,"S11",148.035,"PRFI",1.5,0
2019,"BFISH_2019_F",12095,"S10",159.285,"PRFI",11.5,0
2021,"BFISH_2021_F",23801,"S18",243.2304,"PRFI",0,0
2019,"BFISH_2019_F",21772,"S10",159.085,"PRFI",3.99999999999999,0
2020,"BFISH_2020_F",21526,"S10",158.97,"PRFI",0,0
2021,"BFISH_2021_F",39546,"S10",120.25,"PRFI",0,0
2020,"BFISH_2020_F",8567,"S10",142.875,"PRFI",17.3460537727667,0
2019,"BFISH_2019_F",4156,"S01",106.9848,"PRFI",0,0
2019,"BFISH_2019_F",2535,"S04",102.285,"PRFI",1,0
2020,"BFISH_2020_F",25772,"S05",120.07125,"PRFI",0,0
2021,"BFISH_2021_F",3506,"S02",104.9274,"PRFI",20.2370627348945,0
2021,"BFISH_2021_F",210,"S02",102.108,"PRFI",5.78201792425556,0
2021,"BFISH_2021_F",2511,"S12",116.586,"PRFI",5.78201792425556,0
2021,"BFISH_2021_F",19414,"S07",110.6424,"PRFI",2.89100896212778,0
2020,"BFISH_2020_F",15742,"S02",108.204,"PRFI",0,0
2020,"BFISH_2020_F",15255,"S11",110.6424,"PRFI",0,0
2021,"BFISH_2021_F",9489,"S12",166.95,"PRFI",3.5,0
2019,"BFISH_2019_F",21569,"S01",87.7725,"PRFI",0,0
2020,"BFISH_2020_F",23706,"S10",158.1912,"PRFI",0,0
2019,"BFISH_2019_F",38264,"S20",222.8475,"PRFI",0,0
2021,"BFISH_2021_F",5809,"S03",86.868,"PRFI",0,0
2021,"BFISH_2021_F",14442,"S11",159.45,"PRFI",0,0
2020,"BFISH_2020_F",1947,"S16",171.6786,"PRFI",5.78201792425556,0
2021,"BFISH_2021_F",42551,"S16",182.4228,"PRFI",0,0
2019,"BFISH_2019_F",16068,"S08",134.46,"PRFI",0,0
2021,"BFISH_2021_F",21804,"S07",159.1056,"PRFI",0,0
2021,"BFISH_2021_F",43265,"S10",169.7736,"PRFI",0,0
2021,"BFISH_2021_F",44698,"S11",119.1768,"PRFI",0,0
2020,"BFISH_2020_F",23184,"S07",128.4732,"PRFI",0,0
2021,"BFISH_2021_F",9428,"S08",167.3352,"PRFI",0,0
2021,"BFISH_2021_F",43266,"S10",111.252,"PRFI",0,0
2019,"BFISH_2019_F",15061,"S21",234.2725,"PRFI",0,0
2021,"BFISH_2021_F",33024,"S07",146.7612,"PRFI",2.89100896212778,0
2019,"BFISH_2019_F",37991,"S20",233.172,"PRFI",0,0
2020,"BFISH_2020_F",32868,"S10",148.1328,"PRFI",0,0
2019,"BFISH_2019_F",1590,"S20",231.648,"PRFI",0,0
2019,"BFISH_2019_F",5518,"S04",92.94,"PRFI",0,0
2019,"BFISH_2019_F",36714,"S20",235.0008,"PRFI",0,0
2021,"BFISH_2021_F",41363,"S14",175.26,"PRFI",0,0
2019,"BFISH_2019_F",13485,"S14",199.335,"PRFI",0,0
2019,"BFISH_2019_F",22438,"S07",140.8176,"PRFI",0,0
2020,"BFISH_2020_F",9945,"S18",234.0864,"PRFI",0,0
2020,"BFISH_2020_F",39450,"S11",151.675,"PRFI",2,0
2019,"BFISH_2019_F",28266,"S16",184.6475,"PRFI",0,0
2021,"BFISH_2021_F",16705,"S01",91.2,"PRFI",1.5,0
2021,"BFISH_2021_F",38192,"S07",119.92356,"PRFI",0,0
2019,"BFISH_2019_F",42557,"S15",219.6846,"PRFI",0,0
2019,"BFISH_2019_F",13642,"S10",122.5296,"PRFI",0,0
2020,"BFISH_2020_F",36429,"S10",157.2825,"PRFI",0,0
2019,"BFISH_2019_F",16107,"S11",117.125,"PRFI",0,0
2020,"BFISH_2020_F",22687,"S10",153.6192,"PRFI",0,0
2021,"BFISH_2021_F",27704,"S05",126.1872,"PRFI",0,0
2020,"BFISH_2020_F",14442,"S15",180.1368,"PRFI",0,0
2019,"BFISH_2019_F",37076,"S07",113.65992,"PRFI",0,0
2020,"BFISH_2020_F",4321,"S21",255.1176,"PRFI",0,0
2020,"BFISH_2020_F",33850,"S09",146.72,"PRFI",0,0
2021,"BFISH_2021_F",15604,"S10",149,"PRFI",2,0
2019,"BFISH_2019_F",1230,"S02",107.2134,"PRFI",11.5640358485111,0
2019,"BFISH_2019_F",14736,"S07",112.9284,"PRFI",0,0
2020,"BFISH_2020_F",32156,"S22",253.746,"PRFI",0,0
2020,"BFISH_2020_F",40302,"S14",178.308,"PRFI",0,0
2021,"BFISH_2021_F",32753,"S15",207.1116,"PRFI",0,0
2021,"BFISH_2021_F",36070,"S02",103.25,"PRFI",0,0
2021,"BFISH_2021_F",44510,"S14",215.1888,"PRFI",0,0
2021,"BFISH_2021_F",39066,"S10",143.5608,"PRFI",5.78201792425556,0
2019,"BFISH_2019_F",26562,"S17",259.2324,"PRFI",0,0
2021,"BFISH_2021_F",37387,"S11",139.55,"PRFI",0,0
2019,"BFISH_2019_F",15777,"S15",188.3664,"PRFI",0,0
2021,"BFISH_2021_F",9426,"S09",156.6672,"PRFI",17.3460537727667,0
2021,"BFISH_2021_F",33100,"S15",198.882,"PRFI",0,0
2021,"BFISH_2021_F",15824,"S10",134.65,"PRFI",9.5,0
2021,"BFISH_2021_F",15038,"S20",237.744,"PRFI",0,0
2020,"BFISH_2020_F",12805,"S02",107.8992,"PRFI",0,0
2019,"BFISH_2019_F",17007,"S05",112.505,"PRFI",0.5,0
2020,"BFISH_2020_F",9032,"S13",170.9928,"PRFI",0,0
2021,"BFISH_2021_F",11875,"S22",239.5728,"PRFI",0,0
2020,"BFISH_2020_F",15226,"S02",95.5548,"PRFI",0,0
2019,"BFISH_2019_F",8163,"S10",124.16,"PRFI",2.5,0
2019,"BFISH_2019_F",21092,"S07",158.1912,"PRFI",0,0
2019,"BFISH_2019_F",17407,"S02",101.9556,"PRFI",0,0
2021,"BFISH_2021_F",32271,"S06",135.3312,"PRFI",0,0
2019,"BFISH_2019_F",15034,"S22",224.0675,"PRFI",0,0
2021,"BFISH_2021_F",32249,"S20",236.8296,"PRFI",0,0
2019,"BFISH_2019_F",24947,"S16",213.7225,"PRFI",0,0
2021,"BFISH_2021_F",34011,"S06",146.85,"PRFI",1.5,0
2019,"BFISH_2019_F",45453,"S13",178.095,"PRFI",0,0
2020,"BFISH_2020_F",1249,"S10",150.4188,"PRFI",11.5640358485111,0
2020,"BFISH_2020_F",16190,"S07",125.2728,"PRFI",0,0
2019,"BFISH_2019_F",11479,"S20",224.4852,"PRFI",0,0
2020,"BFISH_2020_F",15969,"S02",105.156,"PRFI",0,0
2020,"BFISH_2020_F",30747,"S05",131.9075,"PRFI",0,0
2019,"BFISH_2019_F",35943,"S10",112.94,"PRFI",0,0
2019,"BFISH_2019_F",43470,"S01",88.1725,"PRFI",0,0
2021,"BFISH_2021_F",8978,"S14",182.88,"PRFI",8.67302688638334,0
2021,"BFISH_2021_F",843,"S12",147.9042,"PRFI",0,0
2019,"BFISH_2019_F",7254,"S13",218.7702,"PRFI",0,0
2021,"BFISH_2021_F",27608,"S10",154.2,"PRFI",0,0
2020,"BFISH_2020_F",13223,"S10",143.1036,"PRFI",0,0
2020,"BFISH_2020_F",41449,"S10",136.8552,"PRFI",0,0
2019,"BFISH_2019_F",38335,"S13",216.535,"PRFI",0,0
2019,"BFISH_2019_F",23729,"S20",236.8296,"PRFI",0,0
2021,"BFISH_2021_F",29022,"S06",164.592,"PRFI",0,0
2020,"BFISH_2020_F",1335,"S10",169.164,"PRFI",11.5640358485111,0
2021,"BFISH_2021_F",34812,"S13",202.9968,"PRFI",0,0
2020,"BFISH_2020_F",43457,"S10",133.2738,"PRFI",0,0
2019,"BFISH_2019_F",11919,"S14",207.5688,"PRFI",0,0
2021,"BFISH_2021_F",23279,"S20",257.2512,"PRFI",0,0
2019,"BFISH_2019_F",33118,"S15",188.315,"PRFI",0,0
2019,"BFISH_2019_F",3671,"S06",124.8156,"PRFI",0,0
2021,"BFISH_2021_F",1122,"S12",169.8498,"PRFI",0,0
2019,"BFISH_2019_F",19114,"S20",255.5748,"PRFI",0,0
2020,"BFISH_2020_F",14333,"S10",153.162,"PRFI",0,0
2021,"BFISH_2021_F",9658,"S07",153.162,"PRFI",0,0
2020,"BFISH_2020_F",34645,"S06",111.22,"PRFI",0,0
2020,"BFISH_2020_F",7477,"S20",235.9152,"PRFI",0,0
2020,"BFISH_2020_F",40029,"S09",130.87,"PRFI",0.625,0
2021,"BFISH_2021_F",21803,"S14",170.0784,"PRFI",0,0
2020,"BFISH_2020_F",33838,"S04",84.22,"PRFI",0,0
2021,"BFISH_2021_F",37233,"S10",125.51664,"PRFI",0,0
2019,"BFISH_2019_F",26043,"S01",85.85,"PRFI",0,0
2021,"BFISH_2021_F",2295,"S14",182.4228,"PRFI",0,0
2021,"BFISH_2021_F",13740,"S07",147.933333333333,"PRFI",0,0
2021,"BFISH_2021_F",12065,"S11",135.0264,"PRFI",26.01908065915,0
2021,"BFISH_2021_F",16222,"S03",88.2396,"PRFI",0,0
2021,"BFISH_2021_F",3632,"S11",138.9888,"PRFI",0,0
2019,"BFISH_2019_F",26161,"S17",228.285,"PRFI",0,0
2019,"BFISH_2019_F",9675,"S22",233.1475,"PRFI",1.5,0
2019,"BFISH_2019_F",7657,"S10",164.8968,"PRFI",0,0
2020,"BFISH_2020_F",38420,"S15",200.7108,"PRFI",0,0
2021,"BFISH_2021_F",33437,"S01",108.75,"PRFI",3.5,0
2019,"BFISH_2019_F",19917,"S07",162.7632,"PRFI",0,0
2019,"BFISH_2019_F",3899,"S01",92.6575,"PRFI",0,0
2021,"BFISH_2021_F",27997,"S05",123.444,"PRFI",0,0
2020,"BFISH_2020_F",8088,"S10",129.8448,"PRFI",0,0
2021,"BFISH_2021_F",25485,"S14",174.9,"PRFI",8,0
2021,"BFISH_2021_F",650,"S04",92.3544,"PRFI",0,0
2021,"BFISH_2021_F",28005,"S05",166.4208,"PRFI",0,0
2020,"BFISH_2020_F",8795,"S02",103.632,"PRFI",0,0
2019,"BFISH_2019_F",43934,"S09",159.1056,"PRFI",0,0
2020,"BFISH_2020_F",45246,"S01",84.1248,"PRFI",0,0
2019,"BFISH_2019_F",43039,"S09",149.9616,"PRFI",0,0
2019,"BFISH_2019_F",20391,"S07",121.0056,"PRFI",0,0
2020,"BFISH_2020_F",45281,"S01",87.1728,"PRFI",0,0
2020,"BFISH_2020_F",8508,"S10",117.9576,"PRFI",0,0
2021,"BFISH_2021_F",18683,"S07",142.1892,"PRFI",0,0
2019,"BFISH_2019_F",11276,"S17",254.2032,"PRFI",0,0
2021,"BFISH_2021_F",20463,"S21",238.2012,"PRFI",0,0
2019,"BFISH_2019_F",44021,"S01",84.7344,"PRFI",0,0
2021,"BFISH_2021_F",19117,"S07",122.0724,"PRFI",5.78201792425556,0
2019,"BFISH_2019_F",26721,"S01",102.3975,"PRFI",0,0
2021,"BFISH_2021_F",22327,"S16",178.308,"PRFI",0,0
2021,"BFISH_2021_F",3020,"S14",187.7568,"PRFI",11.5640358485111,0
2019,"BFISH_2019_F",27027,"S05",159.835,"PRFI",0,0
2020,"BFISH_2020_F",9949,"S22",220.3704,"PRFI",0,0
2021,"BFISH_2021_F",36925,"S12",124.3584,"PRFI",0,0
2019,"BFISH_2019_F",12258,"S10",134.4168,"PRFI",2.89100896212778,0
2019,"BFISH_2019_F",14965,"S07",140.46,"PRFI",0,0
2020,"BFISH_2020_F",15361,"S02",95.5548,"PRFI",0,0
2020,"BFISH_2020_F",45272,"S22",251.46,"PRFI",0,0
2020,"BFISH_2020_F",1704,"S10",138.0744,"PRFI",0,0
2019,"BFISH_2019_F",27080,"S13",202.785,"PRFI",0,0
2021,"BFISH_2021_F",25470,"S10",123.2,"PRFI",0,0
2021,"BFISH_2021_F",37769,"S12",131.445,"PRFI",8.67302688638334,0
2021,"BFISH_2021_F",21000,"S07",142.4,"PRFI",0,0
2021,"BFISH_2021_F",247,"S16",214.884,"PRFI",0,0
2019,"BFISH_2019_F",12296,"S22",259.9944,"PRFI",0,0
2021,"BFISH_2021_F",15025,"S11",126.8,"PRFI",1,0
2021,"BFISH_2021_F",4576,"S08",121.158,"PRFI",0,0
2021,"BFISH_2021_F",31878,"S21",242.316,"PRFI",0,0
2020,"BFISH_2020_F",15951,"S14",191.5668,"PRFI",0,0
2019,"BFISH_2019_F",12344,"S07",118.9725,"PRFI",0,0
2019,"BFISH_2019_F",27379,"S01",93.7175,"PRFI",0,0
2021,"BFISH_2021_F",15335,"S11",139.9032,"PRFI",0,0
2020,"BFISH_2020_F",700,"S22",239.5728,"PRFI",0,0
2019,"BFISH_2019_F",641,"S22",242.0874,"PRFI",0,0
2021,"BFISH_2021_F",16304,"S11",162.306,"PRFI",0,0
2020,"BFISH_2020_F",23345,"S14",195.6816,"PRFI",0,0
2020,"BFISH_2020_F",33447,"S20",245.9736,"PRFI",0,0
2021,"BFISH_2021_F",24500,"S05",160.02,"PRFI",0,0
2021,"BFISH_2021_F",27904,"S10",147.2184,"PRFI",0,0
2019,"BFISH_2019_F",28003,"S05",139.6575,"PRFI",0,0
2021,"BFISH_2021_F",17706,"S11",138.9888,"PRFI",0,0
2020,"BFISH_2020_F",23468,"S14",200.7108,"PRFI",0,0
2020,"BFISH_2020_F",22442,"S10",166.878,"PRFI",0,0
2021,"BFISH_2021_F",2702,"S02",108.8136,"PRFI",0,0
2020,"BFISH_2020_F",38252,"S07",165.8075,"PRFI",0,0
2020,"BFISH_2020_F",4076,"S11",149.6568,"PRFI",0,0
2020,"BFISH_2020_F",29356,"S02",91.845,"PRFI",0,0
2021,"BFISH_2021_F",3389,"S11",113.7,"PRFI",1,0
2019,"BFISH_2019_F",28267,"S12",166.7725,"PRFI",0,0
2020,"BFISH_2020_F",8963,"S10",128.016,"PRFI",0,0
2019,"BFISH_2019_F",25922,"S13",209.3976,"PRFI",0,0
2020,"BFISH_2020_F",8976,"S10",149.5044,"PRFI",0,0
2020,"BFISH_2020_F",22683,"S10",137.16,"PRFI",0,0
2019,"BFISH_2019_F",14583,"S10",110.0025,"PRFI",0,0
2021,"BFISH_2021_F",35703,"S11",137.16,"PRFI",0,0
2021,"BFISH_2021_F",39746,"S09",135.45,"PRFI",2,0
2021,"BFISH_2021_F",12454,"S01",99.25,"PRFI",0,0
2019,"BFISH_2019_F",19465,"S15",204.5208,"PRFI",0,0
2021,"BFISH_2021_F",44049,"S13",177.0888,"PRFI",0,0
2021,"BFISH_2021_F",36542,"S11",149.9616,"PRFI",0,0
2021,"BFISH_2021_F",1655,"S16",193.8528,"PRFI",0,0
2020,"BFISH_2020_F",40059,"S14",203.9112,"PRFI",0,0
2020,"BFISH_2020_F",11574,"S22",242.6208,"PRFI",0,0
2020,"BFISH_2020_F",9714,"S07",152.2476,"PRFI",0,0
2020,"BFISH_2020_F",42125,"S15",171.6024,"PRFI",0,0
2021,"BFISH_2021_F",6635,"S12",143.8656,"PRFI",0,0
2021,"BFISH_2021_F",21779,"S16",200.8632,"PRFI",0,0
2019,"BFISH_2019_F",9762,"S13",206.97,"PRFI",0,0
2021,"BFISH_2021_F",6924,"S21",250.317,"PRFI",0,0
2019,"BFISH_2019_F",15737,"S15",174.9075,"PRFI",0,0
2020,"BFISH_2020_F",38250,"S17",223.5708,"PRFI",0,0
2021,"BFISH_2021_F",26703,"S14",217.6272,"PRFI",0,0
2019,"BFISH_2019_F",41362,"S14",189.0522,"PRFI",2.89100896212778,0
2021,"BFISH_2021_F",38641,"S11",145.4,"PRFI",0,0
2020,"BFISH_2020_F",42030,"S14",182.5752,"PRFI",0,0
2019,"BFISH_2019_F",33380,"S15",180.69,"PRFI",0,0
2019,"BFISH_2019_F",45360,"S07",132.0225,"PRFI",0,0
2020,"BFISH_2020_F",42851,"S14",193.6242,"PRFI",0,0
2021,"BFISH_2021_F",1073,"S10",117.9576,"PRFI",5.78201792425556,0
2019,"BFISH_2019_F",33384,"S09",134.1275,"PRFI",0.5,0
2019,"BFISH_2019_F",38069,"S15",219.456,"PRFI",0,0
2019,"BFISH_2019_F",12668,"S13",210.585,"PRFI",0,0
2020,"BFISH_2020_F",15101,"S11",115.6716,"PRFI",0,0
2021,"BFISH_2021_F",117,"S10",122.9868,"PRFI",0,0
2019,"BFISH_2019_F",12801,"S13",211.22,"PRFI",0,0
2019,"BFISH_2019_F",5382,"S04",81.085,"PRFI",0,0
2021,"BFISH_2021_F",39342,"S08",123.9012,"PRFI",0,0
2019,"BFISH_2019_F",29782,"S16",190.6524,"PRFI",0,0
2021,"BFISH_2021_F",22088,"S01",106.9848,"PRFI",0,0
2021,"BFISH_2021_F",41806,"S11",136.5504,"PRFI",0,0
2021,"BFISH_2021_F",9518,"S12",164.1348,"PRFI",0,0
2021,"BFISH_2021_F",37413,"S02",96.012,"PRFI",0,0
2020,"BFISH_2020_F",5584,"S08",136.5504,"PRFI",0,0
2021,"BFISH_2021_F",33740,"S05",130.7592,"PRFI",0,0
2019,"BFISH_2019_F",42003,"S01",84.9725,"PRFI",0,0
2020,"BFISH_2020_F",14307,"S15",170.0784,"PRFI",0,0
2021,"BFISH_2021_F",24410,"S05",138.9888,"PRFI",0,0
2021,"BFISH_2021_F",3483,"S05",127.2,"PRFI",1,0
2021,"BFISH_2021_F",13225,"S10",143.5608,"PRFI",0,0
2019,"BFISH_2019_F",1750,"S12",169.6212,"PRFI",0,0
2021,"BFISH_2021_F",6636,"S11",127.7112,"PRFI",0,0
2019,"BFISH_2019_F",16217,"S02",93.565,"PRFI",0,0
2020,"BFISH_2020_F",29711,"S18",231.3432,"PRFI",0,0
2019,"BFISH_2019_F",30542,"S17",243.6325,"PRFI",0,0
2021,"BFISH_2021_F",26207,"S01",109.55,"PRFI",0,0
2019,"BFISH_2019_F",24055,"S01",107.345,"PRFI",0,0
2020,"BFISH_2020_F",32337,"S05",125.735,"PRFI",0,0
2020,"BFISH_2020_F",33021,"S05",127.1016,"PRFI",0,0
2021,"BFISH_2021_F",14197,"S10",144.7,"PRFI",0,0
2021,"BFISH_2021_F",6876,"S11",142.3416,"PRFI",0,0
2020,"BFISH_2020_F",31998,"S01",99.2124,"PRFI",0,0
2020,"BFISH_2020_F",3487,"S09",118.872,"PRFI",0,0
2019,"BFISH_2019_F",2008,"S20",255.84912,"PRFI",0,0
2019,"BFISH_2019_F",31222,"S17",246.4308,"PRFI",0,0
2020,"BFISH_2020_F",1765,"S15",210.9216,"PRFI",0,0
2021,"BFISH_2021_F",38185,"S07",137.16,"PRFI",0,0
2019,"BFISH_2019_F",36958,"S10",124.63272,"PRFI",11.5640358485111,0
2021,"BFISH_2021_F",31664,"S01",108.15,"PRFI",0,0
2021,"BFISH_2021_F",44622,"S16",218.8464,"PRFI",0,0
2019,"BFISH_2019_F",5669,"S04",83.5975,"PRFI",4.5,0
2021,"BFISH_2021_F",40012,"S21",244.3734,"PRFI",0,0
2021,"BFISH_2021_F",33255,"S01",104.2416,"PRFI",0,0
2021,"BFISH_2021_F",7412,"S10",117.0432,"PRFI",0,0
2021,"BFISH_2021_F",42036,"S13",213.36,"PRFI",0,0
2021,"BFISH_2021_F",18778,"S10",146.7612,"PRFI",0,0
2019,"BFISH_2019_F",6186,"S16",202.785,"PRFI",0,0
2020,"BFISH_2020_F",38941,"S14",198.882,"PRFI",0,0
2020,"BFISH_2020_F",38796,"S05",118.62,"PRFI",0,0
2019,"BFISH_2019_F",13841,"S13",174.1575,"PRFI",0,0
2019,"BFISH_2019_F",2581,"S01",103.0986,"PRFI",0,0
2021,"BFISH_2021_F",36953,"S11",129.8448,"PRFI",0,0
2021,"BFISH_2021_F",26995,"S22",223.5708,"PRFI",0,0
2021,"BFISH_2021_F",34283,"S01",92.8116,"PRFI",0,0
2021,"BFISH_2021_F",39043,"S01",108.9,"PRFI",0,0
2021,"BFISH_2021_F",15620,"S01",85.9536,"PRFI",0,0
2021,"BFISH_2021_F",15712,"S10",140.85,"PRFI",0,0
2020,"BFISH_2020_F",8240,"S20",222.1992,"PRFI",0,0
2019,"BFISH_2019_F",31962,"S14",180.16,"PRFI",0,0
2021,"BFISH_2021_F",37352,"S15",180.57114,"PRFI",0,0
2021,"BFISH_2021_F",24483,"S06",147.6756,"PRFI",2.89100896212778,0
2020,"BFISH_2020_F",8358,"S15",200.2536,"PRFI",0,0
2019,"BFISH_2019_F",31971,"S04",102.22,"PRFI",0,0
2021,"BFISH_2021_F",39393,"S15",178.5366,"PRFI",14.4550448106389,0
2020,"BFISH_2020_F",22334,"S12",168.2496,"PRFI",0,0
2021,"BFISH_2021_F",16420,"S12",122.0724,"PRFI",0,0
2019,"BFISH_2019_F",6875,"S14",188.97,"PRFI",0,0
2021,"BFISH_2021_F",9824,"S16",195.9864,"PRFI",0,0
2021,"BFISH_2021_F",9126,"S10",145.3896,"PRFI",2.89100896212778,0
2019,"BFISH_2019_F",39165,"S14",175.65624,"PRFI",0,0
2019,"BFISH_2019_F",1625,"S22",238.9632,"PRFI",0,0
2020,"BFISH_2020_F",43990,"S05",138.3792,"PRFI",5.78201792425556,0
2021,"BFISH_2021_F",40929,"S01",106.68,"PRFI",0,0
2021,"BFISH_2021_F",14207,"S14",197.5104,"PRFI",0,0
2021,"BFISH_2021_F",41313,"S01",86.2584,"PRFI",0,0
2019,"BFISH_2019_F",23797,"S20",223.845,"PRFI",0,0
2021,"BFISH_2021_F",1719,"S12",150.876,"PRFI",5.78201792425556,0
2021,"BFISH_2021_F",41617,"S15",199.9488,"PRFI",0,0
2021,"BFISH_2021_F",18163,"S20",259.6896,"PRFI",0,0
2019,"BFISH_2019_F",24979,"S13",174.5925,"PRFI",0,0
2020,"BFISH_2020_F",2165,"S16",188.3664,"PRFI",2.89100896212778,0
2021,"BFISH_2021_F",14909,"S17",249.6312,"PRFI",0,0
2021,"BFISH_2021_F",8307,"S20",240.9444,"PRFI",0,0
2021,"BFISH_2021_F",34793,"S06",127.5588,"PRFI",0,0
2021,"BFISH_2021_F",15220,"S14",186.5376,"PRFI",0,0
2019,"BFISH_2019_F",14359,"S12",139.446,"PRFI",5.78201792425556,0
2021,"BFISH_2021_F",7041,"S07",121.6,"PRFI",0,0
2021,"BFISH_2021_F",8747,"S07",142.35,"PRFI",0,0
2021,"BFISH_2021_F",4793,"S15",205.4,"PRFI",0,0
2019,"BFISH_2019_F",11564,"S15",204.1398,"PRFI",2.89100896212778,0
2019,"BFISH_2019_F",43509,"S22",242.9256,"PRFI",0,0
2020,"BFISH_2020_F",37359,"S12",168.2496,"PRFI",0,0
2019,"BFISH_2019_F",14429,"S11",148.96,"PRFI",0,0
2020,"BFISH_2020_F",24195,"S06",119.4816,"PRFI",0,0
2019,"BFISH_2019_F",18547,"S07",127.4064,"PRFI",2.89100896212778,0
2019,"BFISH_2019_F",43517,"S10",169.6212,"PRFI",0,0
2020,"BFISH_2020_F",33591,"S05",144.9324,"PRFI",0,0
2019,"BFISH_2019_F",25519,"S16",217.22,"PRFI",0,0
2020,"BFISH_2020_F",24927,"S22",254.2032,"PRFI",0,0
2021,"BFISH_2021_F",2182,"S12",159.1056,"PRFI",0,0
2019,"BFISH_2019_F",32423,"S08",154.97,"PRFI",4.5,0
2019,"BFISH_2019_F",3805,"S11",130.7592,"PRFI",0,0
2020,"BFISH_2020_F",25213,"S22",245.0592,"PRFI",0,0
2020,"BFISH_2020_F",34282,"S16",184.595,"PRFI",0,0
2021,"BFISH_2021_F",20605,"S15",176.4792,"PRFI",0,0
2021,"BFISH_2021_F",134,"S12",147.828,"PRFI",14.4550448106389,0
2021,"BFISH_2021_F",2198,"S12",165.8112,"PRFI",0,0
2021,"BFISH_2021_F",13582,"S12",167.7924,"PRFI",0,0
2020,"BFISH_2020_F",7871,"S10",123.444,"PRFI",0,0
2020,"BFISH_2020_F",43463,"S22",228.1428,"PRFI",0,0
2020,"BFISH_2020_F",15339,"S10",149.0472,"PRFI",0,0
2019,"BFISH_2019_F",32592,"S05",132.4075,"PRFI",6,0
2021,"BFISH_2021_F",1223,"S02",94.1832,"PRFI",0,0
2020,"BFISH_2020_F",42799,"S01",105.156,"PRFI",0,0
2020,"BFISH_2020_F",15398,"S10",156.8196,"PRFI",0,0
2020,"BFISH_2020_F",26089,"S22",228.1428,"PRFI",0,0
2020,"BFISH_2020_F",15467,"S10",136.7028,"PRFI",0,0
2020,"BFISH_2020_F",44486,"S13",189.0522,"PRFI",0,0
2019,"BFISH_2019_F",81,"S15",181.9656,"PRFI",0,0
2020,"BFISH_2020_F",3175,"S21",255.5748,"PRFI",0,0
2020,"BFISH_2020_F",45364,"S13",204.8256,"PRFI",0,0
2020,"BFISH_2020_F",5379,"S06",115.2144,"PRFI",0,0
2021,"BFISH_2021_F",3668,"S08",127.5588,"PRFI",5.78201792425556,0
2021,"BFISH_2021_F",17097,"S02",88.6968,"PRFI",0,0
2020,"BFISH_2020_F",41488,"S16",179.5272,"PRFI",0,0
2019,"BFISH_2019_F",32748,"S20",230.2225,"PRFI",0,0
2020,"BFISH_2020_F",33672,"S21",259.9944,"PRFI",0,0
2019,"BFISH_2019_F",14897,"S19",229.22,"PRFI",0,0
2021,"BFISH_2021_F",27007,"S14",200.2536,"PRFI",0,0
2020,"BFISH_2020_F",26697,"S22",222.8088,"PRFI",0,0
2020,"BFISH_2020_F",16674,"S10",118.872,"PRFI",0,0
2020,"BFISH_2020_F",16222,"S03",96.4692,"PRFI",0,0
2021,"BFISH_2021_F",19412,"S02",108.8136,"PRFI",0,0
2020,"BFISH_2020_F",43017,"S16",180.7464,"PRFI",0,0
2021,"BFISH_2021_F",19350,"S07",114.7572,"PRFI",0,0
2019,"BFISH_2019_F",20929,"S05",144.66,"PRFI",2,0
2020,"BFISH_2020_F",2673,"S03",100.1268,"PRFI",0,0
2019,"BFISH_2019_F",44171,"S12",155.5975,"PRFI",0,0
2020,"BFISH_2020_F",8651,"S10",118.5672,"PRFI",0,0
2021,"BFISH_2021_F",23436,"S10",129.8448,"PRFI",0,0
2020,"BFISH_2020_F",27401,"S22",221.2848,"PRFI",0,0
2021,"BFISH_2021_F",31144,"S14",219.9132,"PRFI",0,0
2021,"BFISH_2021_F",24337,"S16",185.2,"PRFI",0,0
2020,"BFISH_2020_F",12371,"S14",174.1932,"PRFI",2.89100896212778,0
2019,"BFISH_2019_F",8712,"S02",97.4075,"PRFI",0,0
2019,"BFISH_2019_F",8980,"S20",229.1925,"PRFI",0,0
2021,"BFISH_2021_F",4290,"S08",113.75136,"PRFI",0,0
2019,"BFISH_2019_F",15043,"S20",246.888,"PRFI",0,0
2021,"BFISH_2021_F",38086,"S14",198.882,"PRFI",0,0
2020,"BFISH_2020_F",36918,"S03",81.7825,"PRFI",0,0
2019,"BFISH_2019_F",33024,"S07",142.1892,"PRFI",0,0
2021,"BFISH_2021_F",27322,"S10",160.9344,"PRFI",0,0
2021,"BFISH_2021_F",26697,"S16",214.6554,"PRFI",0,0
2019,"BFISH_2019_F",15089,"S14",204.16,"PRFI",0,0
2021,"BFISH_2021_F",24412,"S05",156.3,"PRFI",0,0
2020,"BFISH_2020_F",16622,"S04",106.0704,"PRFI",0,0
2019,"BFISH_2019_F",9418,"S07",127.63,"PRFI",0,0
2020,"BFISH_2020_F",8871,"S10",153.0096,"PRFI",0,0
2021,"BFISH_2021_F",2775,"S07",119.7864,"PRFI",0,0
2021,"BFISH_2021_F",43231,"S12",158.1912,"PRFI",0,0
2019,"BFISH_2019_F",33107,"S12",156.8775,"PRFI",0,0
2021,"BFISH_2021_F",14292,"S19",228.6,"PRFI",0,0
2020,"BFISH_2020_F",23869,"S14",202.0824,"PRFI",0,0
2020,"BFISH_2020_F",9827,"S16",184.7088,"PRFI",5.78201792425556,0
2019,"BFISH_2019_F",1050,"S21",228.3714,"PRFI",0,0
2021,"BFISH_2021_F",26115,"S05",110.6424,"PRFI",0,0
2021,"BFISH_2021_F",26214,"S05",158.1912,"PRFI",0,0
2021,"BFISH_2021_F",4503,"S12",139.25,"PRFI",0.5,0
2021,"BFISH_2021_F",37626,"S09",147.30984,"PRFI",2.89100896212778,0
2019,"BFISH_2019_F",33120,"S01",85.565,"PRFI",0,0
2021,"BFISH_2021_F",11505,"S01",106.0704,"PRFI",0,0
2021,"BFISH_2021_F",306,"S16",179.9082,"PRFI",8.67302688638334,0
2021,"BFISH_2021_F",4876,"S12",110.05,"PRFI",0,0
2020,"BFISH_2020_F",15174,"S17",242.316,"PRFI",0,0
2019,"BFISH_2019_F",4728,"S01",106.9075,"PRFI",0,0
2021,"BFISH_2021_F",14897,"S19",230.886,"PRFI",0,0
2019,"BFISH_2019_F",43849,"S11",116.22,"PRFI",0,0
2020,"BFISH_2020_F",10930,"S22",228.6,"PRFI",0,0
2019,"BFISH_2019_F",4752,"S20",256.032,"PRFI",0,0
2020,"BFISH_2020_F",44366,"S13",186.2328,"PRFI",0,0
2019,"BFISH_2019_F",33257,"S13",174.44,"PRFI",0,0
2019,"BFISH_2019_F",23412,"S09",118.872,"PRFI",11.5640358485111,0
2021,"BFISH_2021_F",35992,"S02",106.9848,"PRFI",0,0
2019,"BFISH_2019_F",41156,"S21",231.3432,"PRFI",0,0
2019,"BFISH_2019_F",12617,"S10",135.1026,"PRFI",2.89100896212778,0
2019,"BFISH_2019_F",23536,"S17",252.603,"PRFI",0,0
2021,"BFISH_2021_F",40077,"S22",242.7732,"PRFI",0,0
2021,"BFISH_2021_F",15308,"S22",231.3432,"PRFI",0,0
2020,"BFISH_2020_F",40966,"S14",214.2744,"PRFI",0,0
2021,"BFISH_2021_F",38271,"S16",178.234848,"PRFI",0,0
2019,"BFISH_2019_F",5263,"S01",97.6122,"PRFI",0,0
2021,"BFISH_2021_F",17927,"S01",104.2416,"PRFI",0,0
2020,"BFISH_2020_F",44495,"S17",226.7712,"PRFI",0,0
2020,"BFISH_2020_F",23446,"S10",156.3624,"PRFI",0,0
2021,"BFISH_2021_F",4006,"S11",121.2,"PRFI",0.5,0
2019,"BFISH_2019_F",15975,"S11",159.035,"PRFI",0,0
2019,"BFISH_2019_F",41841,"S16",190.37808,"PRFI",0,0
2021,"BFISH_2021_F",12021,"S10",154.5336,"PRFI",0,0
2020,"BFISH_2020_F",4507,"S08",111.5568,"PRFI",0,0
2019,"BFISH_2019_F",5402,"S20",231.0384,"PRFI",0,0
2021,"BFISH_2021_F",40871,"S16",193.8528,"PRFI",0,0
2020,"BFISH_2020_F",30673,"S05",123.7825,"PRFI",0,0
2021,"BFISH_2021_F",1232,"S10",112.9284,"PRFI",2.89100896212778,0
2019,"BFISH_2019_F",33639,"S15",175.69,"PRFI",0,0
2020,"BFISH_2020_F",3037,"S10",147.2184,"PRFI",2.89100896212778,0
2020,"BFISH_2020_F",8102,"S17",237.744,"PRFI",0,0
2021,"BFISH_2021_F",13142,"S10",162.7632,"PRFI",2.89100896212778,0
2021,"BFISH_2021_F",4176,"S02",104.6988,"PRFI",0,0
2019,"BFISH_2019_F",30250,"S05",116.7575,"PRFI",0,0
2020,"BFISH_2020_F",3226,"S10",123.9012,"PRFI",0,0
2021,"BFISH_2021_F",40529,"S22",220.0656,"PRFI",0,0
2021,"BFISH_2021_F",10979,"S22",244.1448,"PRFI",0,0
2020,"BFISH_2020_F",31388,"S05",136.7028,"PRFI",0,0
2019,"BFISH_2019_F",42085,"S05",115.345,"PRFI",0,0
2020,"BFISH_2020_F",2416,"S11",122.0724,"PRFI",0,0
2021,"BFISH_2021_F",43168,"S02",85.0392,"PRFI",0,0
2020,"BFISH_2020_F",23408,"S09",120.7008,"PRFI",0,0
2021,"BFISH_2021_F",11042,"S22",243.2304,"PRFI",0,0
2019,"BFISH_2019_F",16225,"S03",87.7825,"PRFI",0,0
2021,"BFISH_2021_F",27080,"S13",201.168,"PRFI",0,0
2020,"BFISH_2020_F",33180,"S10",160.02,"PRFI",0,0
2021,"BFISH_2021_F",28282,"S13",205.74,"PRFI",0,0
2020,"BFISH_2020_F",17006,"S01",89.154,"PRFI",0,0
2021,"BFISH_2021_F",38182,"S05",121.158,"PRFI",0,0
2019,"BFISH_2019_F",16228,"S03",92.9075,"PRFI",0,0
2021,"BFISH_2021_F",24921,"S22",257.31216,"PRFI",0,0
2021,"BFISH_2021_F",14930,"S10",139.9032,"PRFI",5.78201792425556,0
2021,"BFISH_2021_F",28264,"S16",216.7128,"PRFI",0,0
2020,"BFISH_2020_F",14293,"S22",236.3724,"PRFI",0,0
2021,"BFISH_2021_F",40857,"S13",216.1032,"PRFI",0,0
2020,"BFISH_2020_F",34573,"S01",99.12,"PRFI",0,0
2019,"BFISH_2019_F",16425,"S01",96.71,"PRFI",0,0
2021,"BFISH_2021_F",15059,"S10",165.0492,"PRFI",0,0
2019,"BFISH_2019_F",34026,"S17",245.0592,"PRFI",0,0
2021,"BFISH_2021_F",44705,"S16",200.9394,"PRFI",0,0
2020,"BFISH_2020_F",44013,"S11",153.8478,"PRFI",0,0
2020,"BFISH_2020_F",38103,"S01",80.745,"PRFI",0,0
2019,"BFISH_2019_F",2502,"S15",172.8216,"PRFI",0,0
2021,"BFISH_2021_F",39164,"S07",125.25,"PRFI",0,0
2019,"BFISH_2019_F",5733,"S04",101.3975,"PRFI",0,0
2021,"BFISH_2021_F",15350,"S10",134.874,"PRFI",0,0
2019,"BFISH_2019_F",38642,"S20",235.9152,"PRFI",0,0
2020,"BFISH_2020_F",4022,"S01",98.7552,"PRFI",0,0
2021,"BFISH_2021_F",42955,"S22",231.0384,"PRFI",0,0
2019,"BFISH_2019_F",45274,"S22",242.316,"PRFI",0,0
2019,"BFISH_2019_F",6208,"S13",203.9112,"PRFI",0,0
2021,"BFISH_2021_F",17829,"S03",109.728,"PRFI",0,0
2021,"BFISH_2021_F",13583,"S12",161.35,"PRFI",0,0
2019,"BFISH_2019_F",16817,"S11",110.7825,"PRFI",0,0
2021,"BFISH_2021_F",42053,"S07",168.5544,"PRFI",0,0
2019,"BFISH_2019_F",34796,"S18",259.6896,"PRFI",0,0
2020,"BFISH_2020_F",43691,"S15",198.12,"PRFI",0,0
2021,"BFISH_2021_F",1806,"S03",96.35,"PRFI",1.5,0
2021,"BFISH_2021_F",7099,"S20",226.7712,"PRFI",0,0
2020,"BFISH_2020_F",37489,"S10",119.095,"PRFI",0,0
2020,"BFISH_2020_F",39846,"S22",254.889,"PRFI",0,0
2019,"BFISH_2019_F",38892,"S14",217.71,"PRFI",0,0
2020,"BFISH_2020_F",34809,"S19",245.9736,"PRFI",0,0
2021,"BFISH_2021_F",43507,"S07",110.0328,"PRFI",0,0
2020,"BFISH_2020_F",39449,"S10",161.94,"PRFI",3,0
2021,"BFISH_2021_F",4086,"S01",108.8136,"PRFI",0,0
2021,"BFISH_2021_F",2890,"S03",100.584,"PRFI",11.5640358485111,0
2020,"BFISH_2020_F",12370,"S10",131.6736,"PRFI",0,0
2020,"BFISH_2020_F",12258,"S10",139.9032,"PRFI",0,0
2020,"BFISH_2020_F",40984,"S10",136.5504,"PRFI",0,0
2020,"BFISH_2020_F",8493,"S19",251.46,"PRFI",0,0
2019,"BFISH_2019_F",32155,"S21",232.535,"PRFI",0,0
2021,"BFISH_2021_F",14329,"S14",193.8528,"PRFI",0,0
2020,"BFISH_2020_F",11565,"S20",251.46,"PRFI",0,0
2021,"BFISH_2021_F",15864,"S10",158.6484,"PRFI",0,0
2019,"BFISH_2019_F",6976,"S10",128.4732,"PRFI",0,0
2021,"BFISH_2021_F",15181,"S14",213.9696,"PRFI",0,0
2020,"BFISH_2020_F",9841,"S20",250.0884,"PRFI",0,0
2021,"BFISH_2021_F",6245,"S22",249.936,"PRFI",0,0
2020,"BFISH_2020_F",17244,"S02",104.2416,"PRFI",0,0
2020,"BFISH_2020_F",132,"S10",117.0432,"PRFI",5.78201792425556,0
2021,"BFISH_2021_F",966,"S03",100.584,"PRFI",0,0
2021,"BFISH_2021_F",9583,"S10",144.9324,"PRFI",0,0
2020,"BFISH_2020_F",40834,"S22",237.4392,"PRFI",0,0
2021,"BFISH_2021_F",20672,"S20",233.172,"PRFI",0,0
2020,"BFISH_2020_F",23816,"S16",212.1408,"PRFI",0,0
2021,"BFISH_2021_F",16916,"S04",106.35,"PRFI",0,0
2019,"BFISH_2019_F",3512,"S21",220.095,"PRFI",0,0
2021,"BFISH_2021_F",9766,"S14",179.2224,"PRFI",2.89100896212778,0
2019,"BFISH_2019_F",25468,"S11",124.6625,"PRFI",0,0
2021,"BFISH_2021_F",22770,"S20",236.8296,"PRFI",0,0
2021,"BFISH_2021_F",17902,"S10",134.4168,"PRFI",0,0
2020,"BFISH_2020_F",3631,"S10",110.6424,"PRFI",0,0
2020,"BFISH_2020_F",15198,"S20",227.076,"PRFI",0,0
2021,"BFISH_2021_F",45376,"S01",106.5276,"PRFI",0,0
2021,"BFISH_2021_F",39392,"S17",226.314,"PRFI",0,0
2021,"BFISH_2021_F",39448,"S17",223.5708,"PRFI",0,0
2020,"BFISH_2020_F",7655,"S10",129.8448,"PRFI",0,0
2019,"BFISH_2019_F",8005,"S07",132.1308,"PRFI",0,0
2020,"BFISH_2020_F",7725,"S10",137.4648,"PRFI",0,0
2020,"BFISH_2020_F",36567,"S10",153.72,"PRFI",0,0
2021,"BFISH_2021_F",23417,"S08",111.5568,"PRFI",2.89100896212778,0
2019,"BFISH_2019_F",43875,"S10",111.2225,"PRFI",0,0
2019,"BFISH_2019_F",36149,"S10",113.065,"PRFI",0,0
2021,"BFISH_2021_F",2122,"S10",112.85,"PRFI",0,0
2019,"BFISH_2019_F",4004,"S20",248.2596,"PRFI",0,0
2021,"BFISH_2021_F",667,"S04",90.0684,"PRFI",0,0
2020,"BFISH_2020_F",14974,"S03",86.868,"PRFI",0,0
2020,"BFISH_2020_F",44621,"S22",252.6792,"PRFI",0,0
2021,"BFISH_2021_F",35425,"S12",118.99392,"PRFI",0,0
2021,"BFISH_2021_F",14695,"S11",164.592,"PRFI",0,0
2021,"BFISH_2021_F",25793,"S20",257.8608,"PRFI",0,0
2020,"BFISH_2020_F",24075,"S20",244.1448,"PRFI",0,0
2019,"BFISH_2019_F",14932,"S20",254.6604,"PRFI",0,0
2021,"BFISH_2021_F",23038,"S16",196.8246,"PRFI",0,0
2020,"BFISH_2020_F",11408,"S14",208.4832,"PRFI",0,0
2021,"BFISH_2021_F",7955,"S14",181.0512,"PRFI",0,0
2020,"BFISH_2020_F",35713,"S03",85.37,"PRFI",0,0
2020,"BFISH_2020_F",43569,"S16",190.1952,"PRFI",0,0
2020,"BFISH_2020_F",45250,"S14",174.1932,"PRFI",0,0
2019,"BFISH_2019_F",27118,"S01",104.035,"PRFI",0,0
2021,"BFISH_2021_F",30281,"S21",227.6856,"PRFI",0,0
2021,"BFISH_2021_F",21093,"S02",106.2,"PRFI",0,0
2019,"BFISH_2019_F",36432,"S10",163.0025,"PRFI",0,0
2020,"BFISH_2020_F",36431,"S03",105.2825,"PRFI",0,0
2020,"BFISH_2020_F",24820,"S20",233.6292,"PRFI",0,0
2020,"BFISH_2020_F",15724,"S14",173.4312,"PRFI",2.89100896212778,0
2019,"BFISH_2019_F",36603,"S15",187.31484,"PRFI",0,0
2021,"BFISH_2021_F",27320,"S10",161.3916,"PRFI",0,0
2019,"BFISH_2019_F",21605,"S13",213.655,"PRFI",0,0
2020,"BFISH_2020_F",19350,"S07",125.13564,"PRFI",0,0
2021,"BFISH_2021_F",22434,"S07",128.9304,"PRFI",0,0
2020,"BFISH_2020_F",541,"S16",212.1408,"PRFI",0,0
2021,"BFISH_2021_F",10008,"S19",256.032,"PRFI",0,0
2019,"BFISH_2019_F",36708,"S10",141.68628,"PRFI",5.78201792425556,0
2020,"BFISH_2020_F",8797,"S10",127.1016,"PRFI",0,0
2020,"BFISH_2020_F",628,"S20",233.4768,"PRFI",0,0
2021,"BFISH_2021_F",27401,"S16",212.1408,"PRFI",0,0
2019,"BFISH_2019_F",44548,"S20",226.7712,"PRFI",0,0
2021,"BFISH_2021_F",39921,"S12",135.3312,"PRFI",0,0
2021,"BFISH_2021_F",16782,"S14",206.1972,"PRFI",0,0
2020,"BFISH_2020_F",9880,"S18",247.3452,"PRFI",0,0
2019,"BFISH_2019_F",12463,"S07",163.6575,"PRFI",0,0
2019,"BFISH_2019_F",44657,"S20",227.9904,"PRFI",0,0
2019,"BFISH_2019_F",36752,"S16",196.8775,"PRFI",0,0
2021,"BFISH_2021_F",28872,"S10",124.75,"PRFI",0,0
2020,"BFISH_2020_F",34215,"S20",228.6,"PRFI",0,0
2021,"BFISH_2021_F",41449,"S14",183.3372,"PRFI",0,0
2019,"BFISH_2019_F",45002,"S10",112.5325,"PRFI",0,0
2019,"BFISH_2019_F",13490,"S14",177.69,"PRFI",0,0
2021,"BFISH_2021_F",41779,"S14",217.0176,"PRFI",0,0
2021,"BFISH_2021_F",44325,"S12",162.7632,"PRFI",0,0
2021,"BFISH_2021_F",36708,"S10",161.8488,"PRFI",2.89100896212778,0
2020,"BFISH_2020_F",43698,"S07",126.492,"PRFI",2.89100896212778,0
2019,"BFISH_2019_F",41008,"S13",217.932,"PRFI",0,0
2021,"BFISH_2021_F",32718,"S02",98.7552,"PRFI",0,0
2019,"BFISH_2019_F",23157,"S01",107.8992,"PRFI",0,0
2019,"BFISH_2019_F",33246,"S04",83.69,"PRFI",0,0
2021,"BFISH_2021_F",5247,"S12",118.45,"PRFI",0,0
2020,"BFISH_2020_F",5675,"S07",112.4712,"PRFI",0,0
2021,"BFISH_2021_F",33673,"S16",214.4268,"PRFI",0,0
2021,"BFISH_2021_F",43543,"S14",188.0616,"PRFI",0,0
2021,"BFISH_2021_F",37681,"S10",121.6152,"PRFI",0,0
2019,"BFISH_2019_F",15610,"S14",178.595,"PRFI",0,0
2019,"BFISH_2019_F",37325,"S12",144.9324,"PRFI",0,0
2019,"BFISH_2019_F",5031,"S04",88.8975,"PRFI",0,0
2020,"BFISH_2020_F",13242,"S05",114.7572,"PRFI",0,0
2021,"BFISH_2021_F",28256,"S19",239.5728,"PRFI",0,0
2019,"BFISH_2019_F",28798,"S13",216.22,"PRFI",0,0
2021,"BFISH_2021_F",30745,"S05",132.45,"PRFI",0,0
2019,"BFISH_2019_F",45307,"S02",107.47,"PRFI",0,0
2019,"BFISH_2019_F",5178,"S04",99.21,"PRFI",0,0
2021,"BFISH_2021_F",3453,"S16",197.5,"PRFI",0,0
2019,"BFISH_2019_F",5250,"S04",85.4725,"PRFI",0,0
2020,"BFISH_2020_F",22825,"S05",139.78128,"PRFI",0,0
2020,"BFISH_2020_F",10752,"S11",139.5984,"PRFI",0,0
2021,"BFISH_2021_F",39318,"S10",153.9,"PRFI",0,0
2020,"BFISH_2020_F",24503,"S05",155.9052,"PRFI",0,0
2019,"BFISH_2019_F",45362,"S14",204.9075,"PRFI",0,0
2021,"BFISH_2021_F",41191,"S10",143.256,"PRFI",0,0
2019,"BFISH_2019_F",23613,"S17",250.0884,"PRFI",0,0
2021,"BFISH_2021_F",40145,"S16",210.312,"PRFI",0,0
2021,"BFISH_2021_F",31084,"S05",128.85,"PRFI",0,0
2020,"BFISH_2020_F",27425,"S05",144.018,"PRFI",0,0
2020,"BFISH_2020_F",23705,"S10",153.6192,"PRFI",0,0
2021,"BFISH_2021_F",32270,"S05",115.85,"PRFI",0,0
2020,"BFISH_2020_F",2743,"S05",148.86432,"PRFI",0,0
2021,"BFISH_2021_F",35499,"S03",98.93808,"PRFI",0,0
2019,"BFISH_2019_F",16001,"S10",150.4725,"PRFI",0.500000000000001,0
2019,"BFISH_2019_F",23796,"S10",164.7225,"PRFI",0,0
2019,"BFISH_2019_F",30145,"S05",112.0075,"PRFI",0,0
2020,"BFISH_2020_F",16318,"S11",135.7884,"PRFI",0,0
2021,"BFISH_2021_F",34492,"S06",132.588,"PRFI",0,0
2019,"BFISH_2019_F",23799,"S17",239.5728,"PRFI",0,0
2021,"BFISH_2021_F",44591,"S15",216.7128,"PRFI",0,0
2019,"BFISH_2019_F",10011,"S18",255.1176,"PRFI",0,0
2020,"BFISH_2020_F",10399,"S09",131.6736,"PRFI",0,0
2021,"BFISH_2021_F",26109,"S01",102.4128,"PRFI",0,0
2021,"BFISH_2021_F",44587,"S16",212.3694,"PRFI",0,0
2020,"BFISH_2020_F",9544,"S05",161.8488,"PRFI",0,0
2019,"BFISH_2019_F",33670,"S04",89.565,"PRFI",1,0
2021,"BFISH_2021_F",11478,"S20",244.1448,"PRFI",0,0
2021,"BFISH_2021_F",44630,"S10",166.7256,"PRFI",0,0
2021,"BFISH_2021_F",4645,"S20",220.98,"PRFI",0,0
2019,"BFISH_2019_F",31063,"S13",189.2808,"PRFI",0,0
2020,"BFISH_2020_F",3025,"S22",256.9464,"PRFI",0,0
2019,"BFISH_2019_F",11669,"S20",252.6792,"PRFI",0,0
2021,"BFISH_2021_F",24640,"S22",253.8984,"PRFI",0,0
2020,"BFISH_2020_F",15907,"S15",171.6024,"PRFI",0,0
2021,"BFISH_2021_F",36962,"S07",138.85,"PRFI",0,0
2021,"BFISH_2021_F",5121,"S10",121.3,"PRFI",0,0
2020,"BFISH_2020_F",7153,"S20",251.46,"PRFI",0,0
2020,"BFISH_2020_F",33178,"S05",138.0744,"PRFI",0,0
2021,"BFISH_2021_F",6251,"S10",115.2144,"PRFI",0,0
2019,"BFISH_2019_F",34012,"S13",195.2525,"PRFI",0,0
2021,"BFISH_2021_F",21002,"S14",184.7088,"PRFI",0,0
2021,"BFISH_2021_F",41353,"S22",224.028,"PRFI",0,0
2021,"BFISH_2021_F",7303,"S10",153.162,"PRFI",11.5640358485111,0
2021,"BFISH_2021_F",4078,"S05",122.5,"PRFI",0,0
2019,"BFISH_2019_F",24328,"S01",102.9725,"PRFI",0,0
2021,"BFISH_2021_F",41986,"S13",172.5168,"PRFI",0,0
2021,"BFISH_2021_F",9459,"S02",99.6,"PRFI",0,0
2020,"BFISH_2020_F",34030,"S05",129.1725,"PRFI",0,0
2020,"BFISH_2020_F",36432,"S10",142.94,"PRFI",0,0
2019,"BFISH_2019_F",16613,"S04",106.2825,"PRFI",0,0
2021,"BFISH_2021_F",7454,"S10",126.8,"PRFI",1,0
2019,"BFISH_2019_F",11083,"S14",203.454,"PRFI",0,0
2019,"BFISH_2019_F",16710,"S02",107.845,"PRFI",0,0
2020,"BFISH_2020_F",44586,"S09",114.6048,"PRFI",0,0
2021,"BFISH_2021_F",27016,"S15",185.07456,"PRFI",0,0
2021,"BFISH_2021_F",8091,"S10",145,"PRFI",0,0
2021,"BFISH_2021_F",15612,"S10",138.0744,"PRFI",0,0
2020,"BFISH_2020_F",1387,"S12",169.3926,"PRFI",20.2370627348945,0
2019,"BFISH_2019_F",26215,"S13",177.8508,"PRFI",0,0
2020,"BFISH_2020_F",37342,"S10",144.345,"PRFI",0,0
2021,"BFISH_2021_F",45073,"S13",216.7128,"PRFI",0,0
2021,"BFISH_2021_F",1597,"S12",146.304,"PRFI",0,0
2020,"BFISH_2020_F",18,"S12",142.3416,"PRFI",0,0
2021,"BFISH_2021_F",7455,"S05",120.5,"PRFI",0,0
2021,"BFISH_2021_F",8510,"S10",164.45,"PRFI",0,0
2021,"BFISH_2021_F",16259,"S12",164.1348,"PRFI",2.89100896212778,0
2021,"BFISH_2021_F",42488,"S07",132.588,"PRFI",0,0
2019,"BFISH_2019_F",26709,"S20",240.792,"PRFI",0,0
2021,"BFISH_2021_F",8580,"S10",134.874,"PRFI",2.89100896212778,0
2021,"BFISH_2021_F",11769,"S22",235.9152,"PRFI",0,0
2020,"BFISH_2020_F",1905,"S12",155.448,"PRFI",0,0
2021,"BFISH_2021_F",25057,"S06",163.6776,"PRFI",0,0
2021,"BFISH_2021_F",7150,"S20",227.6856,"PRFI",0,0
2019,"BFISH_2019_F",24620,"S15",195.6816,"PRFI",0,0
2019,"BFISH_2019_F",39137,"S20",220.0225,"PRFI",0,0
2021,"BFISH_2021_F",13367,"S14",181.0512,"PRFI",0,0
2021,"BFISH_2021_F",4385,"S07",133.0452,"PRFI",0,0
2019,"BFISH_2019_F",24690,"S05",139.47,"PRFI",0,0
2020,"BFISH_2020_F",35344,"S12",164.095,"PRFI",3,0
2019,"BFISH_2019_F",24732,"S01",95.8975,"PRFI",0,0
2019,"BFISH_2019_F",32811,"S14",202.9968,"PRFI",0,0
2019,"BFISH_2019_F",11441,"S05",135.7884,"PRFI",0,0
2021,"BFISH_2021_F",31535,"S20",251.46,"PRFI",0,0
2021,"BFISH_2021_F",45360,"S07",135.0264,"PRFI",0,0
2019,"BFISH_2019_F",3278,"S11",120.46,"PRFI",4.5,0
2021,"BFISH_2021_F",9422,"S10",132.7,"PRFI",0,0
2020,"BFISH_2020_F",45474,"S05",129.2352,"PRFI",0,0
2021,"BFISH_2021_F",12059,"S22",258.7752,"PRFI",0,0
2020,"BFISH_2020_F",6245,"S22",253.8984,"PRFI",0,0
2020,"BFISH_2020_F",21220,"S10",134.874,"PRFI",0,0
2020,"BFISH_2020_F",32810,"S20",235.0008,"PRFI",0,0
2021,"BFISH_2021_F",9646,"S10",155.7,"PRFI",0,0
2021,"BFISH_2021_F",41844,"S01",89.154,"PRFI",0,0
2020,"BFISH_2020_F",13446,"S22",259.0038,"PRFI",0,0
2021,"BFISH_2021_F",8818,"S07",152.7048,"PRFI",0,0
2021,"BFISH_2021_F",9107,"S15",194.7672,"PRFI",0,0
2020,"BFISH_2020_F",28267,"S16",172.3644,"PRFI",0,0
2020,"BFISH_2020_F",14115,"S10",128.016,"PRFI",0,0
2021,"BFISH_2021_F",9707,"S10",137.8,"PRFI",2,0
2021,"BFISH_2021_F",508,"S04",97.8408,"PRFI",0,0
2020,"BFISH_2020_F",33107,"S16",202.20432,"PRFI",0,0
2020,"BFISH_2020_F",41986,"S13",189.738,"PRFI",0,0
2020,"BFISH_2020_F",15140,"S10",130.7592,"PRFI",0,0
2021,"BFISH_2021_F",10318,"S08",139.1,"PRFI",0,0
2021,"BFISH_2021_F",5733,"S04",93.726,"PRFI",17.3460537727667,0
2021,"BFISH_2021_F",5604,"S01",94.05,"PRFI",0,0
2021,"BFISH_2021_F",12929,"S11",144.4,"PRFI",3,0
2021,"BFISH_2021_F",13727,"S16",219.456,"PRFI",0,0
2020,"BFISH_2020_F",2265,"S21",251.7648,"PRFI",0,0
2020,"BFISH_2020_F",45141,"S06",151.1808,"PRFI",0,0
2021,"BFISH_2021_F",15578,"S07",140.3604,"PRFI",0,0
2021,"BFISH_2021_F",44627,"S09",111.252,"PRFI",0,0
2020,"BFISH_2020_F",8369,"S10",131.064,"PRFI",5.78201792425556,0
2020,"BFISH_2020_F",5102,"S06",127.1016,"PRFI",0,0
2021,"BFISH_2021_F",2140,"S10",131.9784,"PRFI",0,0
2021,"BFISH_2021_F",32150,"S08",150.876,"PRFI",0,0
2019,"BFISH_2019_F",14884,"S22",230.06304,"PRFI",2.89100896212778,0
2021,"BFISH_2021_F",14565,"S11",145.3896,"PRFI",0,0
2021,"BFISH_2021_F",45248,"S14",183.7944,"PRFI",0,0
2020,"BFISH_2020_F",41869,"S16",178.9176,"PRFI",0,0
2021,"BFISH_2021_F",29273,"S19",225.8568,"PRFI",0,0
2019,"BFISH_2019_F",12122,"S01",91.6686,"PRFI",0,0
2021,"BFISH_2021_F",36307,"S12",139.9032,"PRFI",0,0
2021,"BFISH_2021_F",3865,"S08",123.6,"PRFI",0,0
2020,"BFISH_2020_F",15152,"S07",111.252,"PRFI",0,0
2020,"BFISH_2020_F",16819,"S10",115.2144,"PRFI",0,0
2020,"BFISH_2020_F",40026,"S08",112.8075,"PRFI",0,0
2021,"BFISH_2021_F",42522,"S10",161.3916,"PRFI",0,0
2019,"BFISH_2019_F",45386,"S01",87.4776,"PRFI",0,0
2021,"BFISH_2021_F",44935,"S07",154.5336,"PRFI",0,0
2020,"BFISH_2020_F",14237,"S16",186.7662,"PRFI",0,0
2020,"BFISH_2020_F",28781,"S22",234.696,"PRFI",0,0
2021,"BFISH_2021_F",1413,"S22",232.8672,"PRFI",0,0
2021,"BFISH_2021_F",30979,"S21",220.8276,"PRFI",0,0
2019,"BFISH_2019_F",32960,"S22",220.0025,"PRFI",0,0
2021,"BFISH_2021_F",33181,"S14",174.95,"PRFI",1,0
2021,"BFISH_2021_F",24113,"S05",154.5336,"PRFI",0,0
2019,"BFISH_2019_F",17704,"S20",224.028,"PRFI",0,0
2020,"BFISH_2020_F",45438,"S16",170.0784,"PRFI",0,0
2020,"BFISH_2020_F",41278,"S10",156.0576,"PRFI",0,0
2019,"BFISH_2019_F",33668,"S01",85.815,"PRFI",0,0
2021,"BFISH_2021_F",38991,"S14",174.35,"PRFI",0,0
2019,"BFISH_2019_F",27898,"S07",119.4816,"PRFI",2.89100896212778,0
2019,"BFISH_2019_F",1835,"S20",240.4872,"PRFI",0,0
2021,"BFISH_2021_F",40894,"S14",170.688,"PRFI",0,0
2021,"BFISH_2021_F",2932,"S01",109.728,"PRFI",0,0
2020,"BFISH_2020_F",41583,"S22",244.7544,"PRFI",0,0
2021,"BFISH_2021_F",17686,"S11",125.75,"PRFI",0,0
2021,"BFISH_2021_F",14668,"S10",158.6,"PRFI",0,0
2021,"BFISH_2021_F",37196,"S20",237.744,"PRFI",0,0
2021,"BFISH_2021_F",2742,"S16",202.311,"PRFI",0,0
2021,"BFISH_2021_F",2892,"S07",110.6424,"PRFI",0,0
2020,"BFISH_2020_F",26394,"S15",213.0552,"PRFI",0,0
2021,"BFISH_2021_F",21595,"S11",148.1328,"PRFI",0,0
2020,"BFISH_2020_F",42690,"S07",133.8072,"PRFI",0,0
2020,"BFISH_2020_F",22517,"S10",129.2825,"PRFI",0,0
2021,"BFISH_2021_F",42030,"S14",191.4144,"PRFI",0,0
2019,"BFISH_2019_F",31308,"S19",237.744,"PRFI",0,0
2019,"BFISH_2019_F",42651,"S15",195.0975,"PRFI",0,0
2021,"BFISH_2021_F",30958,"S02",107.8992,"PRFI",2.89100896212778,0
2019,"BFISH_2019_F",34058,"S14",190.1952,"PRFI",0,0
2020,"BFISH_2020_F",4896,"S07",155.448,"PRFI",0,0
2021,"BFISH_2021_F",4249,"S14",215.7984,"PRFI",0,0
2021,"BFISH_2021_F",27719,"S05",150.876,"PRFI",0,0
2021,"BFISH_2021_F",37342,"S10",142.1892,"PRFI",2.89100896212778,0
2019,"BFISH_2019_F",1142,"S20",249.6312,"PRFI",0,0
2021,"BFISH_2021_F",130,"S01",81.3816,"PRFI",0,0
2020,"BFISH_2020_F",22688,"S10",153.6192,"PRFI",0,0
2021,"BFISH_2021_F",13136,"S01",81.8388,"PRFI",0,0
2019,"BFISH_2019_F",41141,"S01",80.772,"PRFI",0,0
2021,"BFISH_2021_F",15046,"S22",240.4872,"PRFI",0,0
2021,"BFISH_2021_F",32120,"S08",115.2144,"PRFI",0,0
2020,"BFISH_2020_F",16068,"S08",133.0452,"PRFI",0,0
2020,"BFISH_2020_F",8111,"S20",259.3848,"PRFI",0,0
2020,"BFISH_2020_F",11307,"S10",155.448,"PRFI",0,0
2020,"BFISH_2020_F",23677,"S08",124.6632,"PRFI",0,0
2019,"BFISH_2019_F",41224,"S04",96.4692,"PRFI",0,0
2020,"BFISH_2020_F",26092,"S22",248.412,"PRFI",0,0
2021,"BFISH_2021_F",9286,"S12",114.65,"PRFI",0,0
2020,"BFISH_2020_F",38089,"S08",134.8075,"PRFI",0,0
2021,"BFISH_2021_F",31302,"S19",233.7816,"PRFI",0,0
2021,"BFISH_2021_F",5510,"S22",250.2408,"PRFI",0,0
2020,"BFISH_2020_F",24344,"S20",223.1136,"PRFI",0,0
2020,"BFISH_2020_F",4359,"S05",122.2248,"PRFI",0,0
2019,"BFISH_2019_F",32123,"S05",112.6475,"PRFI",0,0
2021,"BFISH_2021_F",23326,"S05",119.3292,"PRFI",0,0
2019,"BFISH_2019_F",33443,"S05",148.1328,"PRFI",0,0
2020,"BFISH_2020_F",37845,"S22",242.316,"PRFI",0,0
2021,"BFISH_2021_F",8890,"S14",194.1576,"PRFI",0,0
2020,"BFISH_2020_F",8094,"S14",186.5376,"PRFI",0,0
2020,"BFISH_2020_F",5445,"S08",120.7008,"PRFI",0,0
2019,"BFISH_2019_F",32273,"S14",184.785,"PRFI",0,0
2021,"BFISH_2021_F",2377,"S22",230.124,"PRFI",0,0
2020,"BFISH_2020_F",8702,"S10",146.304,"PRFI",0,0
2021,"BFISH_2021_F",9484,"S10",151.4856,"PRFI",0,0
2019,"BFISH_2019_F",32372,"S01",82.7532,"PRFI",0,0
2021,"BFISH_2021_F",16099,"S10",141.2748,"PRFI",0,0
2019,"BFISH_2019_F",5447,"S12",115.085,"PRFI",0.5,0
2021,"BFISH_2021_F",41843,"S01",89.6112,"PRFI",0,0
2021,"BFISH_2021_F",26542,"S17",247.8024,"PRFI",0,0
2021,"BFISH_2021_F",9090,"S14",183.7944,"PRFI",0,0
2021,"BFISH_2021_F",22930,"S07",131.6736,"PRFI",0,0
2020,"BFISH_2020_F",25523,"S11",150.46452,"PRFI",0,0
2019,"BFISH_2019_F",22275,"S17",253.746,"PRFI",0,0
2021,"BFISH_2021_F",3797,"S05",129.47904,"PRFI",0,0
2021,"BFISH_2021_F",11114,"S22",255.5748,"PRFI",0,0
2021,"BFISH_2021_F",44616,"S16",176.7078,"PRFI",0,0
2020,"BFISH_2020_F",24094,"S22",252.8316,"PRFI",0,0
2020,"BFISH_2020_F",323,"S16",174.3456,"PRFI",0,0
2020,"BFISH_2020_F",24481,"S06",151.7904,"PRFI",0,0
2021,"BFISH_2021_F",13340,"S15",178.308,"PRFI",0,0
2021,"BFISH_2021_F",24930,"S22",254.889,"PRFI",0,0
2019,"BFISH_2019_F",2387,"S02",91.345,"PRFI",0,0
2020,"BFISH_2020_F",14969,"S10",112.014,"PRFI",0,0
2021,"BFISH_2021_F",122,"S12",153.43632,"PRFI",0,0
2021,"BFISH_2021_F",15084,"S10",150.6,"PRFI",0,0
2020,"BFISH_2020_F",38182,"S05",114.5575,"PRFI",0,0
2021,"BFISH_2021_F",14446,"S20",223.5708,"PRFI",0,0
2019,"BFISH_2019_F",5809,"S03",85.47,"PRFI",0,0
2021,"BFISH_2021_F",25787,"S22",243.41328,"PRFI",0,0
2021,"BFISH_2021_F",39816,"S07",120.2436,"PRFI",0,0
2021,"BFISH_2021_F",40769,"S07",152.0952,"PRFI",0,0
2020,"BFISH_2020_F",42996,"S09",146.6088,"PRFI",0,0
2020,"BFISH_2020_F",37498,"S15",203.9112,"PRFI",0,0
2021,"BFISH_2021_F",45473,"S05",131.6736,"PRFI",0,0
2021,"BFISH_2021_F",11477,"S22",254.2032,"PRFI",0,0
2020,"BFISH_2020_F",36666,"S10",122.095,"PRFI",1,0
2020,"BFISH_2020_F",6310,"S09",138.5316,"PRFI",0,0
2021,"BFISH_2021_F",11764,"S22",249.6312,"PRFI",0,0
2021,"BFISH_2021_F",4949,"S05",118.4148,"PRFI",0,0
2020,"BFISH_2020_F",38165,"S16",215.3075,"PRFI",0,0
2020,"BFISH_2020_F",37,"S10",111.5568,"PRFI",0,0
2020,"BFISH_2020_F",9653,"S10",117.6528,"PRFI",0,0
2019,"BFISH_2019_F",14094,"S10",125.6575,"PRFI",0,0
2021,"BFISH_2021_F",14816,"S20",250.0884,"PRFI",0,0
2021,"BFISH_2021_F",9614,"S16",213.9696,"PRFI",0,0
2021,"BFISH_2021_F",6207,"S13",188.3664,"PRFI",0,0
2021,"BFISH_2021_F",699,"S12",119.7864,"PRFI",2.89100896212778,0
2020,"BFISH_2020_F",15736,"S10",140.3604,"PRFI",0,0
2019,"BFISH_2019_F",17006,"S01",84.6175,"PRFI",0,0
2021,"BFISH_2021_F",14917,"S20",253.746,"PRFI",0,0
2021,"BFISH_2021_F",25748,"S03",106.5276,"PRFI",2.89100896212778,0
2020,"BFISH_2020_F",9014,"S15",183.1086,"PRFI",0,0
2021,"BFISH_2021_F",2888,"S03",100.584,"PRFI",2.89100896212778,0
2019,"BFISH_2019_F",17066,"S22",243.2304,"PRFI",0,0
2020,"BFISH_2020_F",11415,"S10",148.1328,"PRFI",0,0
2021,"BFISH_2021_F",23575,"S21",231.9528,"PRFI",0,0
2021,"BFISH_2021_F",42849,"S20",249.3264,"PRFI",0,0
2021,"BFISH_2021_F",17008,"S05",113.9,"PRFI",0,0
2021,"BFISH_2021_F",40661,"S15",182.5752,"PRFI",0,0
2019,"BFISH_2019_F",38250,"S13",216.22,"PRFI",0,0
2021,"BFISH_2021_F",33914,"S22",257.8608,"PRFI",0,0
2020,"BFISH_2020_F",41191,"S10",151.7904,"PRFI",0,0
2021,"BFISH_2021_F",4162,"S01",87.4776,"PRFI",0,0
2021,"BFISH_2021_F",41144,"S15",190.5,"PRFI",0,0
2020,"BFISH_2020_F",17489,"S10",150.876,"PRFI",0,0
2020,"BFISH_2020_F",19839,"S10",135.3312,"PRFI",0,0
2020,"BFISH_2020_F",44105,"S16",213.0552,"PRFI",0,0
2021,"BFISH_2021_F",14763,"S22",247.8024,"PRFI",0,0
2021,"BFISH_2021_F",18191,"S10",164.1348,"PRFI",0,0
2020,"BFISH_2020_F",44698,"S03",93.0402,"PRFI",0,0
2019,"BFISH_2019_F",39340,"S11",160.02,"PRFI",0,0
2020,"BFISH_2020_F",20406,"S14",205.5114,"PRFI",0,0
2020,"BFISH_2020_F",4604,"S20",224.9424,"PRFI",0,0
2020,"BFISH_2020_F",41444,"S10",130.7592,"PRFI",0,0
2021,"BFISH_2021_F",8494,"S15",219.1512,"PRFI",0,0
2019,"BFISH_2019_F",7305,"S14",177.6222,"PRFI",0,0
2021,"BFISH_2021_F",8779,"S22",256.7178,"PRFI",0,0
2021,"BFISH_2021_F",44326,"S06",117.5004,"PRFI",0,0
2021,"BFISH_2021_F",12295,"S22",241.8588,"PRFI",0,0
2021,"BFISH_2021_F",42229,"S12",156.0576,"PRFI",0,0
2021,"BFISH_2021_F",1789,"S10",130.55,"PRFI",0,0
2020,"BFISH_2020_F",611,"S16",214.1982,"PRFI",0,0
2021,"BFISH_2021_F",18176,"S14",199.9488,"PRFI",0,0
2020,"BFISH_2020_F",9678,"S22",245.6688,"PRFI",0,0
2021,"BFISH_2021_F",12019,"S07",128.016,"PRFI",0,0
2021,"BFISH_2021_F",40058,"S05",160.2486,"PRFI",2.89100896212778,0
2021,"BFISH_2021_F",32867,"S10",151.3332,"PRFI",2.89100896212778,0
2021,"BFISH_2021_F",10832,"S16",208.4832,"PRFI",0,0
2020,"BFISH_2020_F",28543,"S13",187.9092,"PRFI",0,0
2020,"BFISH_2020_F",11211,"S10",111.5568,"PRFI",0,0
2020,"BFISH_2020_F",34330,"S02",84.845,"PRFI",0,0
2021,"BFISH_2021_F",54,"S01",96.4692,"PRFI",0,0
2019,"BFISH_2019_F",28281,"S13",204.41,"PRFI",0,0
2021,"BFISH_2021_F",11564,"S21",256.032,"PRFI",0,0
2019,"BFISH_2019_F",32428,"S14",213.46,"PRFI",0.5,0
2020,"BFISH_2020_F",15218,"S10",132.588,"PRFI",0,0
2020,"BFISH_2020_F",35160,"S02",106.845,"PRFI",0,0
2021,"BFISH_2021_F",19685,"S10",133.1,"PRFI",0,0
2020,"BFISH_2020_F",37925,"S16",171.0575,"PRFI",0,0
2019,"BFISH_2019_F",3878,"S01",96.4692,"PRFI",0,0
2021,"BFISH_2021_F",6003,"S01",108.1,"PRFI",0,0
2020,"BFISH_2020_F",45298,"S02",106.3752,"PRFI",0,0
2021,"BFISH_2021_F",34071,"S12",165.9636,"PRFI",0,0
2020,"BFISH_2020_F",40077,"S16",215.1888,"PRFI",0,0
2021,"BFISH_2021_F",43795,"S14",184.2516,"PRFI",0,0
2021,"BFISH_2021_F",16109,"S02",105.6132,"PRFI",0,0
2021,"BFISH_2021_F",1699,"S12",169.6212,"PRFI",5.78201792425556,0
2021,"BFISH_2021_F",30,"S07",121.6152,"PRFI",0,0
2021,"BFISH_2021_F",9669,"S17",226.7712,"PRFI",0,0
2019,"BFISH_2019_F",20540,"S02",98.5975,"PRFI",0,0
2020,"BFISH_2020_F",42742,"S17",225.2472,"PRFI",0,0
2021,"BFISH_2021_F",13934,"S22",235.9152,"PRFI",0,0
2021,"BFISH_2021_F",38171,"S08",116.45,"PRFI",0,0
2021,"BFISH_2021_F",22080,"S10",167.3352,"PRFI",0,0
2020,"BFISH_2020_F",23017,"S10",117.22,"PRFI",0,0
2020,"BFISH_2020_F",14798,"S11",151.3332,"PRFI",0,0
2019,"BFISH_2019_F",11319,"S14",173.736,"PRFI",0,0
2021,"BFISH_2021_F",8761,"S10",158.6484,"PRFI",0,0
2021,"BFISH_2021_F",17830,"S10",125.2,"PRFI",2.5,0
2021,"BFISH_2021_F",7308,"S14",217.6272,"PRFI",0,0
2021,"BFISH_2021_F",42973,"S20",237.4392,"PRFI",0,0
2021,"BFISH_2021_F",34014,"S19",250.5456,"PRFI",0,0
2021,"BFISH_2021_F",15859,"S10",125.8824,"PRFI",0,0
2021,"BFISH_2021_F",9238,"S10",130.95,"PRFI",0,0
2021,"BFISH_2021_F",33443,"S05",151.2,"PRFI",0,0
2021,"BFISH_2021_F",23949,"S05",136.95,"PRFI",0,0
2019,"BFISH_2019_F",1628,"S15",199.1106,"PRFI",0,0
2020,"BFISH_2020_F",42849,"S20",245.0592,"PRFI",0,0
2019,"BFISH_2019_F",14439,"S13",193.4725,"PRFI",0.5,0
2021,"BFISH_2021_F",45395,"S13",185.6232,"PRFI",0,0
2021,"BFISH_2021_F",3730,"S20",230.7336,"PRFI",0,0
2019,"BFISH_2019_F",19418,"S10",166.878,"PRFI",0,0
2021,"BFISH_2021_F",21356,"S02",106.0704,"PRFI",0,0
2021,"BFISH_2021_F",18285,"S20",256.032,"PRFI",0,0
2019,"BFISH_2019_F",23977,"S14",214.4268,"PRFI",0,0
2021,"BFISH_2021_F",25297,"S13",215.7984,"PRFI",0,0
2019,"BFISH_2019_F",38617,"S10",157.535,"PRFI",0,0
2021,"BFISH_2021_F",45207,"S16",186.5376,"PRFI",0,0
2019,"BFISH_2019_F",45260,"S11",138.3475,"PRFI",0,0
2019,"BFISH_2019_F",9217,"S14",183.8975,"PRFI",0,0
2021,"BFISH_2021_F",15337,"S07",167.3352,"PRFI",0,0
2019,"BFISH_2019_F",4876,"S12",117.21,"PRFI",0,0
2021,"BFISH_2021_F",26091,"S19",230.2002,"PRFI",0,0
2019,"BFISH_2019_F",40821,"S17",249.936,"PRFI",0,0
2020,"BFISH_2020_F",42591,"S10",163.068,"PRFI",0,0
2019,"BFISH_2019_F",33901,"S07",151.3332,"PRFI",0,0
2021,"BFISH_2021_F",27076,"S02",96.012,"PRFI",0,0
2019,"BFISH_2019_F",24116,"S01",100.9725,"PRFI",0,0
2021,"BFISH_2021_F",13234,"S15",185.6232,"PRFI",0,0
2021,"BFISH_2021_F",9617,"S22",224.028,"PRFI",0,0
2019,"BFISH_2019_F",16335,"S04",109.3475,"PRFI",0,0
2021,"BFISH_2021_F",38006,"S12",130.7592,"PRFI",0,0
2021,"BFISH_2021_F",9496,"S20",251.46,"PRFI",0,0
2021,"BFISH_2021_F",11766,"S22",253.2888,"PRFI",0,0
2020,"BFISH_2020_F",39320,"S20",247.1928,"PRFI",0,0
2019,"BFISH_2019_F",38535,"S14",199.1575,"PRFI",0,0
2019,"BFISH_2019_F",13740,"S07",113.5325,"PRFI",0,0
2019,"BFISH_2019_F",9660,"S07",164.5225,"PRFI",0,0
2020,"BFISH_2020_F",9336,"S11",146.304,"PRFI",0,0
2021,"BFISH_2021_F",45423,"S05",116.7384,"PRFI",0,0
2020,"BFISH_2020_F",9086,"S10",132.2832,"PRFI",0,0
2020,"BFISH_2020_F",17417,"S20",251.46,"PRFI",0,0
2021,"BFISH_2021_F",1730,"S12",143.1036,"PRFI",2.89100896212778,0
2021,"BFISH_2021_F",2332,"S14",190.5,"PRFI",0,0
2021,"BFISH_2021_F",4292,"S06",113.6904,"PRFI",0,0
2021,"BFISH_2021_F",611,"S12",167.9448,"PRFI",2.89100896212778,0
2020,"BFISH_2020_F",10357,"S05",138.0744,"PRFI",0,0
2021,"BFISH_2021_F",38342,"S10",144.4752,"PRFI",0,0
2019,"BFISH_2019_F",9702,"S13",216.1575,"PRFI",0,0
2019,"BFISH_2019_F",2606,"S04",92.72,"PRFI",0,0
2021,"BFISH_2021_F",26151,"S14",170.9928,"PRFI",0,0
2021,"BFISH_2021_F",12020,"S07",137.16,"PRFI",0,0
2021,"BFISH_2021_F",9711,"S10",143.5608,"PRFI",0,0
2019,"BFISH_2019_F",11205,"S15",216.7128,"PRFI",0,0
2021,"BFISH_2021_F",21780,"S16",198.4248,"PRFI",0,0
2019,"BFISH_2019_F",38266,"S15",194.1575,"PRFI",0,0
2021,"BFISH_2021_F",6084,"S14",215.7984,"PRFI",0,0
2021,"BFISH_2021_F",40078,"S16",218.5416,"PRFI",0,0
2019,"BFISH_2019_F",32040,"S14",202.0824,"PRFI",0,0
2020,"BFISH_2020_F",9649,"S11",118.2624,"PRFI",0,0
2021,"BFISH_2021_F",2347,"S22",220.98,"PRFI",0,0
2021,"BFISH_2021_F",7364,"S20",233.172,"PRFI",0,0
2021,"BFISH_2021_F",1953,"S01",103.0224,"PRFI",0,0
2021,"BFISH_2021_F",5102,"S06",124.3584,"PRFI",0,0
2021,"BFISH_2021_F",1677,"S12",165.5064,"PRFI",2.89100896212778,0
2021,"BFISH_2021_F",30680,"S01",106.0704,"PRFI",0,0
2020,"BFISH_2020_F",15602,"S11",142.1892,"PRFI",0,0
2021,"BFISH_2021_F",9364,"S07",152.7048,"PRFI",5.78201792425556,0
2021,"BFISH_2021_F",30902,"S05",141.15,"PRFI",0,0
2021,"BFISH_2021_F",15995,"S10",129,"PRFI",0,0
2021,"BFISH_2021_F",9712,"S07",146.7612,"PRFI",0,0
2021,"BFISH_2021_F",1439,"S22",244.4496,"PRFI",0,0
2020,"BFISH_2020_F",45499,"S13",180.1368,"PRFI",0,0
2020,"BFISH_2020_F",35823,"S15",206.1825,"PRFI",0,0
2021,"BFISH_2021_F",10396,"S09",134.112,"PRFI",0,0
2021,"BFISH_2021_F",15722,"S14",170.85,"PRFI",0.5,0
2019,"BFISH_2019_F",33798,"S03",88.5025,"PRFI",0,0
2021,"BFISH_2021_F",13277,"S16",170.3832,"PRFI",0,0
2020,"BFISH_2020_F",42133,"S13",194.7672,"PRFI",0,0
2020,"BFISH_2020_F",27699,"S16",176.9364,"PRFI",0,0
2021,"BFISH_2021_F",44408,"S13",176.4792,"PRFI",0,0
2021,"BFISH_2021_F",589,"S16",204.8256,"PRFI",0,0
2021,"BFISH_2021_F",14441,"S11",153.6192,"PRFI",0,0
2020,"BFISH_2020_F",12541,"S13",201.6252,"PRFI",0,0
2021,"BFISH_2021_F",41276,"S22",259.3848,"PRFI",0,0
2021,"BFISH_2021_F",9700,"S18",235.0008,"PRFI",0,0
2020,"BFISH_2020_F",8652,"S10",157.2768,"PRFI",0,0
2019,"BFISH_2019_F",26213,"S05",151.7904,"PRFI",0,0
2019,"BFISH_2019_F",39745,"S11",147.6756,"PRFI",0,0
2021,"BFISH_2021_F",9555,"S16",207.264,"PRFI",0,0
2021,"BFISH_2021_F",13148,"S16",210.6168,"PRFI",0,0
2019,"BFISH_2019_F",43747,"S13",210.7692,"PRFI",0,0
2021,"BFISH_2021_F",35857,"S22",249.6312,"PRFI",0,0
2021,"BFISH_2021_F",7101,"S20",240.4872,"PRFI",0,0
2021,"BFISH_2021_F",12069,"S14",171.35,"PRFI",0.5,0
2020,"BFISH_2020_F",11411,"S10",122.9868,"PRFI",0,0
2021,"BFISH_2021_F",14901,"S22",245.6688,"PRFI",0,0
2019,"BFISH_2019_F",39863,"S16",187.63488,"PRFI",0,0
2020,"BFISH_2020_F",41133,"S21",246.4308,"PRFI",0,0
2020,"BFISH_2020_F",38614,"S20",244.4496,"PRFI",0,0
2019,"BFISH_2019_F",34273,"S15",211.5312,"PRFI",0,0
2019,"BFISH_2019_F",38793,"S14",216.47,"PRFI",0,0
2020,"BFISH_2020_F",9718,"S05",163.2204,"PRFI",0,0
2021,"BFISH_2021_F",11771,"S15",196.596,"PRFI",0,0
2021,"BFISH_2021_F",38820,"S20",254.2032,"PRFI",0,0
2021,"BFISH_2021_F",21458,"S10",138.25,"PRFI",0,0
2021,"BFISH_2021_F",18273,"S10",161.48304,"PRFI",0,0
2020,"BFISH_2020_F",8444,"S20",234.0864,"PRFI",0,0
2020,"BFISH_2020_F",12101,"S21",240.1824,"PRFI",0,0
2021,"BFISH_2021_F",24622,"S20",245.0592,"PRFI",0,0
2021,"BFISH_2021_F",30985,"S05",165.8,"PRFI",0,0
2021,"BFISH_2021_F",10502,"S05",140.8176,"PRFI",0,0
2019,"BFISH_2019_F",32708,"S17",221.742,"PRFI",0,0
2020,"BFISH_2020_F",43109,"S22",224.9424,"PRFI",0,0
2021,"BFISH_2021_F",40683,"S09",128.9304,"PRFI",0,0
2020,"BFISH_2020_F",7812,"S20",243.6876,"PRFI",0,0
2020,"BFISH_2020_F",8891,"S10",162.306,"PRFI",0,0
2021,"BFISH_2021_F",9773,"S16",172.3644,"PRFI",0,0
2020,"BFISH_2020_F",9707,"S10",156.3624,"PRFI",0,0
2020,"BFISH_2020_F",1496,"S16",177.8508,"PRFI",0,0
2021,"BFISH_2021_F",42351,"S05",126.7968,"PRFI",0,0
2019,"BFISH_2019_F",11188,"S22",256.032,"PRFI",0,0
2021,"BFISH_2021_F",21936,"S10",119.7864,"PRFI",0,0
2021,"BFISH_2021_F",37538,"S22",251.46,"PRFI",2.89100896212778,0
2020,"BFISH_2020_F",43598,"S10",113.9952,"PRFI",0,0
2021,"BFISH_2021_F",44014,"S22",226.4664,"PRFI",0,0
2020,"BFISH_2020_F",5242,"S21",226.4664,"PRFI",0,0
2021,"BFISH_2021_F",1474,"S22",256.9464,"PRFI",0,0
2021,"BFISH_2021_F",11872,"S21",253.2888,"PRFI",0,0
2021,"BFISH_2021_F",40528,"S21",230.886,"PRFI",2.89100896212778,0
2020,"BFISH_2020_F",17688,"S22",235.9152,"PRFI",0,0
2021,"BFISH_2021_F",41060,"S07",163.068,"PRFI",2.89100896212778,0
2020,"BFISH_2020_F",41669,"S01",85.344,"PRFI",0,0
2020,"BFISH_2020_F",15169,"S20",228.6,"PRFI",0,0
2021,"BFISH_2021_F",40076,"S22",259.6896,"PRFI",0,0
2021,"BFISH_2021_F",7801,"S10",137.5,"PRFI",0,0
2021,"BFISH_2021_F",26383,"S22",224.3328,"PRFI",0,0
2021,"BFISH_2021_F",16497,"S05",126.1872,"PRFI",0,0
2021,"BFISH_2021_F",339,"S16",191.1096,"PRFI",0,0
2020,"BFISH_2020_F",14763,"S22",235.458,"PRFI",0,0
2021,"BFISH_2021_F",43629,"S14",209.3976,"PRFI",0,0
2020,"BFISH_2020_F",26279,"S02",95.0325,"PRFI",0.5,0
2021,"BFISH_2021_F",1633,"S12",149.0472,"PRFI",0,0
2021,"BFISH_2021_F",15144,"S07",128.016,"PRFI",0,0
2020,"BFISH_2020_F",9307,"S10",118.2624,"PRFI",0,0
2021,"BFISH_2021_F",9645,"S10",148.35,"PRFI",0,0
2021,"BFISH_2021_F",45407,"S16",215.7984,"PRFI",0,0
2019,"BFISH_2019_F",8165,"S20",240.8475,"PRFI",0,0
2021,"BFISH_2021_F",14451,"S15",180.594,"PRFI",0,0
2021,"BFISH_2021_F",15029,"S22",232.8672,"PRFI",0,0
2021,"BFISH_2021_F",6902,"S20",254.2032,"PRFI",0,0
2021,"BFISH_2021_F",24335,"S08",124.8156,"PRFI",0,0
2020,"BFISH_2020_F",44080,"S06",136.7028,"PRFI",0,0
2021,"BFISH_2021_F",40685,"S01",85.6488,"PRFI",0,0
2020,"BFISH_2020_F",14335,"S07",125.2728,"PRFI",0,0
2019,"BFISH_2019_F",36079,"S22",224.9424,"PRFI",0,0
2019,"BFISH_2019_F",14702,"S20",226.815,"PRFI",0,0
2021,"BFISH_2021_F",42743,"S07",132.2832,"PRFI",0,0
